,index,high_nei,high_sim,low_nei,low_sim
0,0,"146, 325, 471","0.3103043932582783, 0.3020154999396787, 0.28555041365677164","263, 2, 266","0.021332977, 0.022847783, 0.057777427"
1,1,"206, 14, 20","0.4758417529573216, 0.4317349916014361, 0.41026389199078395","54, 71, 61","0.021299355, 0.033934925, 0.049818866"
2,2,"230, 399, 146","0.32193494149206187, 0.31914375833767394, 0.31275153900515096","0, 263, 225","0.022847783, 0.029221643, 0.081713945"
3,3,"12, 460, 122","0.2692922037816554, 0.24495009845508417, 0.23315952472951948","140, 454, 269","0.0003326675, 0.041769825, 0.048238188"
4,4,"355, 351, 197","0.3146892828060827, 0.2813064147549739, 0.2790148676972218","272, 409, 198","0.008531528, 0.03668839, 0.037475042"
5,5,"288, 47, 64","0.33440910026010995, 0.3124081966601709, 0.2962417692845189","425, 288, 216","0.028061531, 0.031615086, 0.04669996"
6,6,"40, 313, 479","0.27232123848241746, 0.2486332007481924, 0.24520376471319172","328, 183, 211","0.017410032, 0.025624406, 0.029882388"
7,7,"282, 136, 183","0.4161010033547447, 0.3744645169539708, 0.37184704403467633","293, 137, 282","0.001673283, 0.0028129404, 0.010408802"
8,8,"154, 224, 307","0.26949641193069523, 0.24295540683114666, 0.23602460069623296","70, 237, 224","0.010696378, 0.019112717, 0.026537366"
9,9,"14, 289, 244","0.35582012706731647, 0.35049788333530046, 0.3386854206817335","475, 414, 383","0.0012325987, 0.00456803, 0.0067153694"
10,10,"201, 393, 75","0.39388274370102067, 0.30430024561153574, 0.2715678785693974","492, 458, 311","0.004375648, 0.005449639, 0.024554083"
11,11,"145, 168, 96","0.2735333719694031, 0.2615288393735183, 0.25747443540227904","80, 24, 285","0.036693983, 0.04222549, 0.04288133"
12,12,"354, 383, 326","0.41198268411842914, 0.40487915943696384, 0.39862390372710843","281, 16, 95","0.0013996676, 0.0027168994, 0.013728682"
13,13,"317, 365, 197","0.2929865706539802, 0.2770492925656593, 0.2642676594061421","156, 268, 33","0.047342908, 0.05494938, 0.08611368"
14,14,"23, 244, 183","0.5801425411754897, 0.578026764515598, 0.5651969443711247","479, 410, 294","0.0116708, 0.04178717, 0.045691103"
15,15,"44, 161, 487","0.2997823324116378, 0.2678938856711944, 0.25840541456335403","44, 316, 298","0.006640845, 0.032115716, 0.045952618"
16,16,"289, 391, 182","0.29797944505863466, 0.29441513863746666, 0.2851546017377811","281, 12, 46","0.00076886173, 0.0027168994, 0.021963105"
17,17,"393, 298, 128","0.34650020514188834, 0.3435129647509818, 0.3376431677531811","393, 151, 157","0.0033099344, 0.020181267, 0.039429016"
18,18,"222, 180, 391","0.35379736410846757, 0.30373890939443904, 0.29750963013337334","259, 343, 391","0.027172953, 0.0468717, 0.050639935"
19,19,"379, 189, 165","0.3512599653715818, 0.3404623902541721, 0.33528243689873705","481, 194, 272","0.03852385, 0.039360173, 0.06325894"
20,20,"23, 258, 244","0.5931149103236742, 0.5528853848675427, 0.544359084130473","182, 170, 258","0.004130009, 0.009027148, 0.012088485"
21,21,"429, 381, 471","0.31918512522733616, 0.30767233013882095, 0.30329216601916453","327, 209, 330","0.012333779, 0.015318013, 0.03098369"
22,22,"480, 383, 277","0.27946141646615524, 0.25913393329610696, 0.25252528130341484","332, 441, 434","0.05114101, 0.07436208, 0.07652589"
23,23,"244, 20, 383","0.6381878479004492, 0.5931149103236742, 0.5869225550746858","319, 377, 244","1.0332171e-05, 0.0063877213, 0.008697342"
24,24,"271, 145, 255","0.41744347790319675, 0.3840873397640445, 0.3805611359087541","285, 400, 80","0.0011814563, 0.01306808, 0.014380708"
25,25,"244, 183, 45","0.545274114000463, 0.5317202945560201, 0.44303718385308827","39, 199, 461","0.008018952, 0.028711833, 0.03204193"
26,26,"161, 336, 486","0.28742860669157144, 0.279324969998272, 0.27810689916082604","161, 184, 360","0.0033931988, 0.0073041357, 0.013201377"
27,27,"474, 422, 183","0.3626476398869658, 0.34364218313822104, 0.32119650732721233","286, 200, 28","0.03168424, 0.06297986, 0.065559"
28,28,"453, 72, 82","0.2853827216780063, 0.25974635003428465, 0.2540881425445929","423, 125, 27","0.008651705, 0.024080575, 0.065559"
29,29,"399, 110, 166","0.36817790666908673, 0.29046446498889184, 0.2880013862683261","190, 232, 399","0.03415956, 0.03874889, 0.05886466"
30,30,"136, 163, 146","0.4693142414593396, 0.4515775742954519, 0.40290611546704896","401, 373, 264","0.016517835, 0.018805487, 0.03363929"
31,31,"125, 134, 50","0.2721950803061748, 0.2714297692883725, 0.2556949034658504","33, 70, 176","0.023422156, 0.03236118, 0.038399976"
32,32,"157, 85, 366","0.2648370950355077, 0.22936695192226744, 0.2268502933381431","51, 153, 35","0.0033393973, 0.0077592228, 0.036098376"
33,33,"289, 189, 383","0.39551845350681675, 0.3321450494502151, 0.3048832487506106","31, 176, 384","0.023422156, 0.04421949, 0.063584045"
34,34,"340, 149, 294","0.40329020225654433, 0.373023859049022, 0.3365973972098715","282, 199, 7","0.00087989104, 0.011173204, 0.016630644"
35,35,"180, 88, 126","0.40276513029233096, 0.34806780364735773, 0.2963518238805029","407, 243, 478","1.8685274e-05, 0.009279391, 0.011681284"
36,36,"363, 14, 455","0.5694604331716472, 0.5142922437330444, 0.47547888556686474","363, 445, 332","0.0012077007, 0.020405402, 0.035282005"
37,37,"393, 456, 140","0.32526697108246566, 0.26610251003803015, 0.25645239185424906","109, 69, 151","0.005702938, 0.010358302, 0.053666208"
38,38,"141, 206, 138","0.32333042514032917, 0.3182254397649422, 0.2963863060436549","421, 477, 188","0.0126206, 0.018934645, 0.029967537"
39,39,"187, 499, 424","0.28027267674233647, 0.26391848664344786, 0.2592518525867134","25, 291, 461","0.008018952, 0.026495716, 0.052401215"
40,40,"183, 14, 244","0.5068458814054315, 0.40532687642833437, 0.3953322453863419","71, 58, 220","0.04289007, 0.044531878, 0.052223034"
41,41,"424, 86, 244","0.3526075689642784, 0.3430042994475571, 0.3399146345491954","473, 439, 450","0.002014517, 0.0030572056, 0.004250254"
42,42,"424, 167, 492","0.3871110102712385, 0.3790342710403592, 0.3481047366876318","465, 90, 98","0.0022136576, 0.006070425, 0.05099392"
43,43,"261, 469, 436","0.28449259682921885, 0.28396726275188905, 0.2772307553511849","469, 47, 318","0.009080416, 0.012532461, 0.020104676"
44,44,"161, 292, 15","0.37287505864687137, 0.3042798868123419, 0.2997823324116378","15, 339, 298","0.006640845, 0.020068085, 0.022192355"
45,45,"183, 244, 25","0.5136985912538607, 0.4799638471899484, 0.44303718385308827","484, 461, 79","0.016818197, 0.017302036, 0.08195348"
46,46,"216, 383, 125","0.32684956832539486, 0.31874109269270395, 0.28190131852777484","281, 12, 16","0.014834999, 0.016929718, 0.021963105"
47,47,"383, 459, 258","0.5787381143616727, 0.5122242894621664, 0.4969299842051666","318, 43, 469","0.012484589, 0.012532461, 0.012755992"
48,48,"376, 128, 450","0.2591555934558112, 0.25217131319150526, 0.239496058711852","197, 127, 260","0.0042501315, 0.03680244, 0.070140295"
49,49,"332, 39, 336","0.25201256936020033, 0.2469207620458844, 0.2253304065651457","111, 279, 422","0.009982076, 0.019137908, 0.026142083"
50,50,"244, 383, 126","0.49878500358654737, 0.4911629971673465, 0.4875160207846177","248, 387, 268","0.017873133, 0.040766582, 0.0428382"
51,51,"128, 189, 126","0.4152670943875372, 0.3639176362210241, 0.3582456097461215","32, 153, 35","0.0033393973, 0.018424306, 0.039227247"
52,52,"355, 201, 236","0.3106638165849979, 0.3092198941321107, 0.2528451331052521","326, 159, 227","0.0013087507, 0.0051877163, 0.016458167"
53,53,"376, 457, 103","0.3132289814455366, 0.24710228444001267, 0.24092774808573078","310, 361, 486","0.010055827, 0.015886718, 0.029432945"
54,54,"473, 491, 122","0.2943903716922836, 0.28608721954551247, 0.28106006044166304","71, 1, 320","0.015388401, 0.021299355, 0.033428654"
55,55,"91, 474, 455","0.3013934368632502, 0.2893739622603479, 0.2818273376810732","386, 54, 71","0.0011969743, 0.04271055, 0.05316607"
56,56,"347, 255, 362","0.27982198869332137, 0.25826546415550244, 0.25497496975693296","487, 466, 131","0.0650309, 0.0874394, 0.15858836"
57,57,"495, 336, 417","0.24240166199739085, 0.23816213954259938, 0.2357900245901563","440, 256, 205","0.03161884, 0.036551885, 0.05866263"
58,58,"281, 277, 244","0.3137207808411769, 0.3121039474128298, 0.30958800565583616","71, 145, 54","0.0075718206, 0.027065245, 0.04135654"
59,59,"357, 180, 88","0.3274417119779262, 0.29026236950330747, 0.28738584585793114","139, 307, 180","0.0096710995, 0.035213746, 0.07001745"
60,60,"275, 313, 494","0.2839913185737674, 0.2665880048023805, 0.26588331220580136","367, 195, 76","0.014984433, 0.016071372, 0.0245266"
61,61,"282, 113, 36","0.31611766303419064, 0.31094938760323276, 0.283961710554329","7, 1, 282","0.048462167, 0.049818866, 0.06336746"
62,62,"429, 381, 340","0.35919785557738165, 0.3247358091738674, 0.29286048032221795","381, 234, 455","0.02460311, 0.05634793, 0.063194975"
63,63,"14, 23, 418","0.3464130796844107, 0.32426618851067074, 0.2990752877779669","296, 299, 375","0.016428985, 0.024757449, 0.06567705"
64,64,"412, 475, 99","0.3420511567992395, 0.3158878062505635, 0.31529899326106486","240, 420, 131","0.0187211, 0.027617075, 0.03799227"
65,65,"59, 433, 109","0.2737260478119479, 0.25935887367291305, 0.25769966393174376","308, 94, 76","0.009771527, 0.013004966, 0.057621878"
66,66,"83, 447, 292","0.2709544994623996, 0.2683577640646609, 0.2641039163381968","439, 450, 41","0.015721977, 0.02080688, 0.023020802"
67,67,"253, 124, 109","0.22970917356329165, 0.22957109299421685, 0.22898974423985266","412, 116, 338","0.019135742, 0.034908965, 0.04990466"
68,68,"146, 100, 264","0.3865738613061005, 0.37789357158284514, 0.37595504087939746","480, 318, 469","0.0022584351, 0.027318567, 0.037724078"
69,69,"128, 167, 42","0.32551786655699305, 0.30299112667374545, 0.29665887061032165","37, 109, 128","0.010358302, 0.026086163, 0.04097575"
70,70,"126, 277, 167","0.27878972077123904, 0.2743652618458006, 0.2696860162404025","8, 176, 31","0.010696378, 0.023805, 0.03236118"
71,71,"175, 241, 455","0.3432335274308349, 0.3028231942080981, 0.29566637955053027","58, 54, 1","0.0075718206, 0.015388401, 0.033934925"
72,72,"354, 383, 277","0.47745535564627234, 0.4739662522090738, 0.4676428577746777","162, 280, 274","0.010392901, 0.011219293, 0.015737236"
73,73,"289, 167, 128","0.4143691690537789, 0.4004114438252941, 0.3986003179226199","356, 10, 317","0.010622541, 0.030395389, 0.037972838"
74,74,"180, 155, 189","0.33768626356253645, 0.3170042234608693, 0.3107851435274235","117, 334, 97","0.0030931248, 0.029899701, 0.048043698"
75,75,"129, 206, 25","0.40136270069836605, 0.3888657732563762, 0.3604617631989853","129, 390, 463","0.003489599, 0.004804526, 0.020645345"
76,76,"444, 357, 18","0.3451767154875662, 0.30639922777745326, 0.2904338732218846","367, 60, 94","0.021935336, 0.0245266, 0.030655585"
77,77,"167, 457, 244","0.35545956268469786, 0.33415632127202866, 0.33355993075089296","267, 129, 390","0.03954515, 0.04703567, 0.050291616"
78,78,"401, 119, 328","0.2976311756990142, 0.2938130312915969, 0.28647303158825554","250, 489, 412","0.00021502825, 0.0070276344, 0.050441142"
79,79,"294, 315, 429","0.37144849270861263, 0.3434363066244195, 0.33655495249631556","461, 62, 45","0.07536281, 0.07540306, 0.08195348"
80,80,"145, 244, 467","0.49680991956765314, 0.42516854063445314, 0.4120511613689269","285, 24, 400","0.007902442, 0.014380708, 0.019570328"
81,81,"98, 413, 145","0.2632833513000183, 0.2630460581177643, 0.2589721058057655","235, 365, 392","0.018989705, 0.03920573, 0.051431756"
82,82,"244, 14, 383","0.532257714514854, 0.4884835785577606, 0.4775221151287963","442, 152, 335","0.08339672, 0.11831968, 0.12973793"
83,83,"289, 244, 128","0.40582625830913116, 0.3787091273431433, 0.37338262049465215","348, 322, 447","0.0047845845, 0.00975908, 0.0105668185"
84,84,"277, 183, 244","0.3774911707238406, 0.37117539349568474, 0.3620837909103176","441, 249, 434","0.009382459, 0.046836622, 0.050780192"
85,85,"428, 424, 157","0.3367396876785927, 0.33124096730803126, 0.3192305437360894","203, 380, 228","0.032197945, 0.048803587, 0.06807144"
86,86,"424, 244, 336","0.364733500185396, 0.35932873649506175, 0.34924079335153674","120, 417, 305","0.013958951, 0.02350323, 0.080514245"
87,87,"86, 256, 111","0.2662661599575999, 0.2619028227025257, 0.2518198187352036","219, 253, 418","0.03706725, 0.042447355, 0.043118574"
88,88,"126, 180, 470","0.46720494110899496, 0.4096443858257861, 0.3701201880020096","341, 117, 298","0.011430679, 0.058978014, 0.07060848"
89,89,"157, 128, 132","0.34532605575059155, 0.29402987983442025, 0.283690613826785","396, 302, 468","0.0010168783, 0.042161815, 0.055573292"
90,90,"470, 126, 415","0.3573796683068822, 0.35529750212544325, 0.3533283892957107","465, 42, 98","0.0030550007, 0.006070425, 0.02921776"
91,91,"72, 445, 177","0.4137234881171145, 0.39834952670734775, 0.3842129044142219","230, 297, 78","0.0021008255, 0.043648563, 0.08955543"
92,92,"79, 316, 428","0.30245437240251366, 0.28920122017505995, 0.28048136229374543","376, 121, 310","0.0012708483, 0.035907347, 0.0746058"
93,93,"437, 142, 257","0.2089391940127362, 0.20792431235502254, 0.20252726505902582","243, 215, 257","0.0051732175, 0.011867724, 0.018216161"
94,94,"265, 393, 123","0.3885471102626133, 0.2900007580084098, 0.2861292391282974","65, 195, 76","0.013004966, 0.028557032, 0.030655585"
95,95,"149, 134, 251","0.35411913905879305, 0.29621494312913993, 0.2935977571929864","12, 281, 16","0.013728682, 0.023695141, 0.02802255"
96,96,"82, 36, 25","0.4770576157752518, 0.4578074273945827, 0.44062794131513044","271, 283, 36","0.019830044, 0.026088638, 0.082803495"
97,97,"110, 245, 180","0.3167453370127995, 0.30543241980936536, 0.29918274750271445","74, 454, 117","0.048043698, 0.06065463, 0.06798845"
98,98,"413, 446, 75","0.3554875129674504, 0.3429388001914359, 0.3190464594593461","342, 226, 90","0.006049821, 0.022561265, 0.02921776"
99,99,"258, 429, 277","0.4008653639742554, 0.3887425551398042, 0.36679295875111717","425, 216, 288","0.021070262, 0.02158324, 0.021983685"
100,100,"68, 247, 264","0.37789357158284514, 0.356763963786862, 0.34398309574154684","277, 441, 84","0.023518076, 0.036048092, 0.07465072"
101,101,"22, 273, 80","0.2363078666500947, 0.21834626801584311, 0.20593649035773412","213, 102, 223","0.026912281, 0.033378225, 0.05430146"
102,102,"78, 430, 358","0.21986033099560495, 0.21952698684854297, 0.21451041345422886","474, 101, 207","0.03252795, 0.033378225, 0.039541215"
103,103,"128, 167, 180","0.4047339108601899, 0.3948797599924574, 0.3678109220488958","303, 305, 417","0.019974824, 0.02172694, 0.02504856"
104,104,"129, 167, 44","0.33528135600073794, 0.29398629983617075, 0.2918419809134191","208, 422, 165","0.005180269, 0.020997602, 0.03225718"
105,105,"264, 389, 319","0.3430029169695216, 0.3247190379475779, 0.32255213727305093","229, 130, 402","0.020020794, 0.034796584, 0.035850603"
106,106,"237, 77, 422","0.36879402395547106, 0.3167739172358574, 0.29904401408445075","331, 241, 482","0.05727802, 0.09127693, 0.10219563"
107,107,"370, 339, 214","0.2524005717405617, 0.24594919361258782, 0.2367726220810199","490, 153, 395","0.00044074535, 0.052961074, 0.05816344"
108,108,"136, 146, 383","0.3776945273147256, 0.3668272685802047, 0.3641836492267718","472, 353, 218","0.014038022, 0.031809833, 0.040243115"
109,109,"82, 184, 309","0.29805387944080713, 0.26929407943899225, 0.2672098713665368","37, 69, 151","0.005702938, 0.026086163, 0.0855643"
110,110,"254, 244, 379","0.4935206410024536, 0.49281310783838644, 0.46159240642954796","181, 213, 266","0.025919804, 0.0676092, 0.06979521"
111,111,"460, 150, 494","0.3060266830662022, 0.2843568256935018, 0.2656980377940746","279, 49, 227","0.0019238545, 0.009982076, 0.027978515"
112,112,"68, 71, 399","0.3042945286409396, 0.27590171246684886, 0.2585772239754487","491, 233, 222","0.020821467, 0.024899172, 0.12927537"
113,113,"282, 146, 291","0.47211997775235587, 0.40160121725334225, 0.3803428311473327","187, 403, 291","0.03365041, 0.03417497, 0.056571174"
114,114,"258, 488, 294","0.36689552128808617, 0.35005625184051903, 0.3243408995751296","373, 264, 30","0.011885236, 0.027069211, 0.042646263"
115,115,"393, 10, 252","0.1840316280151466, 0.17803351586001073, 0.17337492377129227","495, 371, 307","0.0018035822, 0.016218971, 0.061394095"
116,116,"473, 412, 64","0.29732857855574707, 0.28985240468954776, 0.275745532996927","209, 412, 330","0.007330341, 0.025054617, 0.025466407"
117,117,"316, 457, 300","0.35515673978155543, 0.2668000924629637, 0.2594151694080737","74, 334, 498","0.0030931248, 0.03156589, 0.03370269"
118,118,"381, 408, 228","0.3196089193825354, 0.25240642136411756, 0.22155359715806347","314, 313, 223","0.017914107, 0.027059421, 0.035597883"
119,119,"247, 264, 383","0.41999590215890265, 0.3530655828098923, 0.3489661663010024","325, 136, 146","0.004960771, 0.012875615, 0.05922739"
120,120,"250, 391, 301","0.3083885684226576, 0.30526584519759437, 0.27166210181219685","86, 417, 256","0.013958951, 0.064094976, 0.08242153"
121,121,"326, 218, 443","0.28524469897072247, 0.26077231719756283, 0.2355511382772406","127, 92, 486","0.026857765, 0.035907347, 0.044301704"
122,122,"228, 244, 183","0.3854071363120128, 0.3677690888446829, 0.34584472886428347","219, 350, 87","0.01470037, 0.046434678, 0.047475886"
123,123,"94, 437, 370","0.2861292391282974, 0.27686128671032995, 0.2656087625851322","138, 185, 361","0.0021162024, 0.017172813, 0.030846005"
124,124,"150, 274, 299","0.2918321298538557, 0.2856775438191496, 0.2842076573834417","21, 412, 209","0.037329532, 0.044135008, 0.04474937"
125,125,"383, 326, 244","0.3543422895615746, 0.3288891838765471, 0.3257851487581936","423, 28, 81","0.004181536, 0.024080575, 0.071345516"
126,126,"180, 189, 50","0.5099958984148053, 0.4901642538809892, 0.4875160207846177","438, 154, 496","0.0048981896, 0.026004478, 0.038601004"
127,127,"58, 326, 365","0.26439332861977577, 0.2587946776798302, 0.2528351699915646","121, 48, 260","0.026857765, 0.03680244, 0.04665391"
128,128,"157, 167, 289","0.5733316688565998, 0.4870171136672485, 0.44771735373692273","481, 69, 151","0.028629161, 0.04097575, 0.058232583"
129,129,"390, 75, 104","0.48373971980768676, 0.40136270069836605, 0.33528135600073794","390, 75, 210","0.00028839044, 0.003489599, 0.03451872"
130,130,"319, 146, 136","0.31955909879066663, 0.30978908699424507, 0.2937384449534713","136, 105, 264","0.031706452, 0.034796584, 0.035396032"
131,131,"146, 383, 47","0.43037541316638483, 0.42950091541502183, 0.4157080527245712","276, 354, 64","0.008277974, 0.011063306, 0.03799227"
132,132,"147, 382, 316","0.3827909987975659, 0.34261898361738097, 0.3232716198914603","147, 404, 371","0.003069993, 0.015627379, 0.0600668"
133,133,"487, 494, 483","0.45843605490030387, 0.3519338226695403, 0.32787205970799654","314, 155, 118","0.0102333, 0.022744186, 0.037028596"
134,134,"456, 447, 474","0.38496525992881553, 0.34165093033803173, 0.33137507665383104","456, 457, 109","0.010452, 0.14481328, 0.2393027"
135,135,"439, 86, 197","0.22023868284891054, 0.21926696612330132, 0.21146843347421526","364, 290, 424","0.023670416, 0.03478918, 0.04522657"
136,136,"30, 383, 146","0.4693142414593396, 0.4035899852195959, 0.39454817228797107","325, 119, 130","0.0021626174, 0.012875615, 0.031706452"
137,137,"340, 488, 258","0.3475429228760172, 0.3373021395328621, 0.30575309262357736","293, 7, 199","0.00072525075, 0.0028129404, 0.0057135243"
138,138,"326, 226, 167","0.4240947441673845, 0.3618993583191954, 0.35153756421392796","123, 185, 496","0.0021162024, 0.012748493, 0.02052711"
139,139,"307, 339, 474","0.3377738093597191, 0.3186130988673877, 0.29135405427685773","59, 180, 307","0.0096710995, 0.035654895, 0.042158708"
140,140,"12, 438, 361","0.2893110182315765, 0.27286426423849824, 0.27205114096721555","3, 454, 269","0.0003326675, 0.047392197, 0.049867827"
141,141,"183, 424, 206","0.396422575304528, 0.395095587478882, 0.3779535104213299","432, 232, 399","0.03443791, 0.09137173, 0.10858598"
142,142,"144, 463, 484","0.24048798582734163, 0.23890316985387536, 0.23189725634954103","188, 421, 477","0.008962083, 0.009458022, 0.011560107"
143,143,"417, 88, 226","0.2833905480196279, 0.19626136161811494, 0.19464492269837208","366, 173, 269","0.0041129966, 0.024749722, 0.028395107"
144,144,"317, 411, 241","0.312883745326819, 0.306812154468661, 0.2729528727033886","451, 231, 55","0.03528782, 0.044424288, 0.059410226"
145,145,"244, 80, 183","0.5184093251899866, 0.49680991956765314, 0.47669205000479825","183, 58, 6","0.023493964, 0.027065245, 0.032247137"
146,146,"383, 347, 47","0.48098180842814725, 0.47349864147308945, 0.47248992049280386","389, 401, 30","0.027081432, 0.031449728, 0.03742494"
147,147,"132, 495, 393","0.3827909987975659, 0.3549912149426076, 0.32741962617788994","132, 404, 371","0.003069993, 0.010353428, 0.046556026"
148,148,"277, 482, 326","0.2709446864776421, 0.2674447008768141, 0.2613793736726697","385, 309, 289","0.011263617, 0.017154528, 0.021079203"
149,149,"96, 251, 363","0.41422052932984893, 0.40890577313794435, 0.39239711788399106","251, 434, 340","0.00040720686, 0.009835194, 0.02540644"
150,150,"166, 300, 88","0.32535528154205623, 0.31613198924389246, 0.3073874823866125","166, 452, 246","0.002018827, 0.028412798, 0.03983931"
151,151,"444, 59, 307","0.3046082373236292, 0.26104488162718326, 0.2503327027652017","17, 393, 37","0.020181267, 0.025052547, 0.053666208"
152,152,"90, 350, 241","0.31276831118247667, 0.30119536284742005, 0.29808635725006427","206, 442, 82","0.06663483, 0.085228704, 0.11831968"
153,153,"126, 189, 180","0.3751773593213086, 0.3671449237986932, 0.3511863968902295","32, 51, 35","0.0077592228, 0.018424306, 0.020846002"
154,154,"35, 180, 226","0.29481221985257117, 0.2890291726667537, 0.2800965804454905","498, 126, 438","0.006363253, 0.026004478, 0.027191523"
155,155,"14, 183, 244","0.4755035518387361, 0.4302701370408379, 0.41902216164411166","133, 204, 314","0.022744186, 0.036791585, 0.041607283"
156,156,"319, 377, 354","0.3091491320441532, 0.2964934017343724, 0.290198241283706","268, 95, 13","0.0008097789, 0.04108412, 0.047342908"
157,157,"128, 167, 289","0.5733316688565998, 0.4327422465545529, 0.4293124898110971","193, 252, 393","0.0037464818, 0.010387751, 0.022065805"
158,158,"379, 308, 223","0.33477563329507115, 0.32851492354915, 0.3276610960378838","284, 169, 178","0.0001321926, 0.021483216, 0.02167799"
159,159,"413, 41, 486","0.28147477889595635, 0.23198093600476807, 0.22302216314409704","326, 52, 435","0.0014985191, 0.0051877163, 0.010781803"
160,160,"168, 165, 42","0.2687298205668633, 0.25346397752630895, 0.24778198009753652","435, 238, 159","0.036903758, 0.063392535, 0.06365601"
161,161,"44, 404, 351","0.37287505864687137, 0.3399985308699332, 0.2928139139132128","26, 184, 360","0.0033931988, 0.020576768, 0.029419463"
162,162,"315, 331, 299","0.2726573862329879, 0.27116131465490717, 0.26912239552628126","72, 280, 274","0.010392901, 0.012706453, 0.046019495"
163,163,"30, 146, 68","0.4515775742954519, 0.3708697162434566, 0.364862870571738","347, 171, 471","0.036598116, 0.08639035, 0.10558021"
164,164,"336, 316, 198","0.31849241528626515, 0.27887314495976817, 0.2724061978793379","329, 336, 351","0.011535765, 0.013077222, 0.048443783"
165,165,"379, 244, 183","0.4593230482464799, 0.4473336054291626, 0.4469132387055194","221, 422, 104","0.0016984341, 0.031594116, 0.03225718"
166,166,"470, 330, 342","0.3538142065779499, 0.33892638252341056, 0.3378374171731215","150, 452, 246","0.002018827, 0.016395213, 0.024950048"
167,167,"244, 128, 50","0.5395661553398069, 0.4870171136672485, 0.48669510872155325","210, 77, 390","0.053804338, 0.088564225, 0.10511969"
168,168,"433, 160, 11","0.3053783638045435, 0.2687298205668633, 0.2615288393735183","260, 427, 300","0.028511293, 0.048961055, 0.059905585"
169,169,"326, 167, 50","0.34278142626690694, 0.32445022778611315, 0.31235561759304425","337, 284, 158","0.0011374091, 0.020395482, 0.021483216"
170,170,"182, 258, 175","0.32396982607754404, 0.288130369727502, 0.27837863589621703","182, 20, 258","0.0047631864, 0.009027148, 0.026292993"
171,171,"14, 136, 448","0.27614090215369386, 0.2693125725887971, 0.24199383093951152","471, 459, 420","0.00610133, 0.019302787, 0.0598273"
172,172,"447, 134, 430","0.25840108011041124, 0.24943176682954693, 0.248316539854001","205, 324, 57","0.005549861, 0.01823039, 0.092702456"
173,173,"9, 104, 157","0.26382052567087305, 0.2617745419589399, 0.25902442188931707","269, 366, 143","0.00041192048, 0.017991353, 0.024749722"
174,174,"241, 72, 253","0.31488119731487224, 0.31150828122253443, 0.30115895068952","430, 415, 222","0.035361107, 0.037479866, 0.040969394"
175,175,"455, 363, 14","0.40481328196945204, 0.3960662465008557, 0.36758742279089796","355, 411, 225","0.0015128066, 0.03307528, 0.06433589"
176,176,"473, 460, 380","0.24592246018715, 0.23669439636271164, 0.23275811083560216","384, 70, 8","0.0044832574, 0.023805, 0.034181874"
177,177,"45, 91, 25","0.40576296545846136, 0.3842129044142219, 0.374503325229304","320, 386, 55","0.006615723, 0.04914386, 0.060415845"
178,178,"304, 289, 396","0.3453030249296531, 0.31722943426585754, 0.3042690071552961","158, 284, 169","0.02167799, 0.024482243, 0.03078274"
179,179,"92, 208, 98","0.26505024801051685, 0.24482609651222256, 0.19035111868646995","148, 385, 309","0.042184453, 0.05757442, 0.059288308"
180,180,"126, 379, 50","0.5099958984148053, 0.44649382511365193, 0.43819060089028045","357, 139, 173","0.017761283, 0.035654895, 0.055469166"
181,181,"474, 23, 110","0.3420692519959698, 0.31204728773751184, 0.310992895233977","110, 266, 179","0.025919804, 0.028766152, 0.110228896"
182,182,"325, 284, 20","0.4168961338498942, 0.3902365302935797, 0.38005981214273543","20, 170, 258","0.004130009, 0.0047631864, 0.008681773"
183,183,"244, 14, 23","0.6979758522995142, 0.5651969443711247, 0.5600905707630683","211, 145, 6","0.011549478, 0.023493964, 0.025624406"
184,184,"126, 188, 226","0.33265156442118865, 0.29773503533499496, 0.29363363147823635","360, 26, 346","0.0011355724, 0.0073041357, 0.017189857"
185,185,"82, 110, 456","0.3093031606861569, 0.2877894924570151, 0.2817174568511158","292, 493, 138","0.0059865704, 0.0060379594, 0.012748493"
186,186,"36, 489, 455","0.29003761921714555, 0.2658171818632092, 0.26469657233434485","464, 214, 236","0.0059628817, 0.011164486, 0.012700789"
187,187,"39, 360, 15","0.28027267674233647, 0.2336238751447175, 0.230529731801472","403, 113, 400","0.009394941, 0.03365041, 0.040063694"
188,188,"184, 25, 82","0.29773503533499496, 0.28154796358190065, 0.28065075111992605","477, 421, 142","0.0012647773, 0.0069984994, 0.008962083"
189,189,"126, 167, 180","0.4901642538809892, 0.45113355524965787, 0.43679040676774483","454, 345, 3","0.0011731364, 0.011886059, 0.050242648"
190,190,"452, 45, 183","0.2984603476244408, 0.2963192832388051, 0.2956899397855883","232, 29, 150","0.027302885, 0.03415956, 0.042428512"
191,191,"262, 56, 492","0.3093802311771748, 0.23132060833910384, 0.2228790418555052","93, 215, 257","0.032341994, 0.057270594, 0.061063565"
192,192,"289, 372, 311","0.24140083269105064, 0.24059419569944893, 0.2363934170621614","436, 468, 89","0.014504775, 0.063133895, 0.097921506"
193,193,"157, 494, 313","0.30171029689089096, 0.2709833011252445, 0.24381574903645575","157, 252, 393","0.0037464818, 0.0038123722, 0.02627027"
194,194,"424, 155, 457","0.36508550824457364, 0.3503964895316485, 0.3412342007846787","19, 305, 303","0.039360173, 0.07816201, 0.079661936"
195,195,"481, 230, 36","0.284410769068395, 0.2820210209549164, 0.25979887979424515","378, 60, 94","0.009279944, 0.016071372, 0.028557032"
196,196,"462, 336, 147","0.24963339327084277, 0.2491691135658253, 0.24158219510911774","470, 257, 215","0.0065178094, 0.022142414, 0.031148588"
197,197,"129, 4, 13","0.3109138053711636, 0.2790148676972218, 0.2642676594061421","48, 127, 424","0.0042501315, 0.05953248, 0.080679"
198,198,"437, 128, 336","0.34694779719424257, 0.3314327395887991, 0.32523617108375263","374, 409, 4","0.011248066, 0.013402117, 0.037475042"
199,199,"461, 282, 40","0.3381703270255146, 0.3167813383246987, 0.26684914998851267","137, 282, 293","0.0057135243, 0.007008222, 0.010505467"
200,200,"380, 399, 391","0.34461336017175315, 0.3111390486644931, 0.2913497547985983","286, 394, 246","0.013440598, 0.058682546, 0.059228793"
201,201,"10, 256, 52","0.39388274370102067, 0.3263415989884833, 0.3092198941321107","317, 356, 10","0.10445157, 0.1129635, 0.11732942"
202,202,"96, 447, 389","0.3544554456374082, 0.3388210253794058, 0.30734489872938625","273, 210, 390","0.012985924, 0.019132398, 0.03994916"
203,203,"428, 5, 304","0.2288316415170484, 0.22433670685356363, 0.219646240898246","85, 378, 295","0.032197945, 0.09302097, 0.09373613"
204,204,"301, 208, 261","0.3378263275503783, 0.3274607012184643, 0.27328657129333866","367, 60, 368","0.028198045, 0.028495133, 0.034012306"
205,205,"443, 128, 379","0.29882976811739176, 0.2988056901199933, 0.29718289016352106","172, 324, 57","0.005549861, 0.025101181, 0.05866263"
206,206,"1, 222, 467","0.4758417529573216, 0.43560004228174937, 0.41357749346440836","152, 166, 246","0.06663483, 0.111584105, 0.11969182"
207,207,"274, 14, 455","0.2842241236157051, 0.2783147463124529, 0.2606501217957277","494, 102, 453","0.013415354, 0.039541215, 0.049668238"
208,208,"204, 296, 179","0.3274607012184643, 0.27579667529644963, 0.24482609651222256","104, 344, 165","0.005180269, 0.012873631, 0.03836842"
209,209,"445, 216, 452","0.3149523549885187, 0.29021953908156856, 0.29015865195649465","116, 21, 327","0.007330341, 0.015318013, 0.016063422"
210,210,"33, 309, 225","0.24594937047791532, 0.240974961416637, 0.23227386571756245","202, 390, 129","0.019132398, 0.028608605, 0.03451872"
211,211,"291, 290, 355","0.3079553302805913, 0.2730187581103349, 0.2657819835237802","183, 328, 6","0.011549478, 0.02494128, 0.029882388"
212,212,"420, 483, 355","0.25829337646096856, 0.25644325456983774, 0.2399798387612991","262, 235, 236","0.020328147, 0.035002828, 0.043138612"
213,213,"80, 443, 467","0.30325282093026495, 0.2912315440139394, 0.2620766121885562","101, 309, 289","0.026912281, 0.032497674, 0.03695258"
214,214,"282, 110, 103","0.3358885283175821, 0.30346933080983063, 0.30286695698076055","186, 262, 464","0.011164486, 0.020155916, 0.025353681"
215,215,"326, 126, 50","0.37357568267950136, 0.37252170469520607, 0.33630510745243436","257, 470, 243","0.00089496974, 0.010681447, 0.010935025"
216,216,"72, 429, 383","0.35334884715584697, 0.3374454729823259, 0.33346627372970333","288, 425, 99","0.002100255, 0.01830556, 0.02158324"
217,217,"373, 256, 189","0.3615648516938404, 0.3211063039104839, 0.31957612641587424","388, 238, 435","0.017811293, 0.026284946, 0.07085647"
218,218,"399, 340, 183","0.35505686896939487, 0.3370046097277037, 0.3290336093996794","108, 343, 375","0.040243115, 0.046460774, 0.05760117"
219,219,"77, 104, 440","0.2859243613725258, 0.2692031724563498, 0.2611192601732173","122, 87, 253","0.01470037, 0.03706725, 0.052072216"
220,220,"455, 241, 485","0.3569691543253463, 0.3079787703285826, 0.29813095019353386","293, 7, 137","0.0065338854, 0.01077674, 0.010880955"
221,221,"230, 222, 418","0.25955678528092946, 0.2589031042153134, 0.2561028841286523","165, 422, 49","0.0016984341, 0.021961965, 0.02871437"
222,222,"206, 379, 183","0.43560004228174937, 0.4254804645509589, 0.4192265694764008","433, 415, 174","0.0176509, 0.024246735, 0.040969394"
223,223,"110, 50, 277","0.36333569850446273, 0.3532822335014822, 0.35030481784837986","408, 289, 314","0.022751419, 0.02900458, 0.03156297"
224,224,"371, 188, 311","0.2921119251370104, 0.2479143843647309, 0.24764038096448726","237, 8, 66","0.00088531605, 0.026537366, 0.045310717"
225,225,"175, 23, 241","0.2902639362144331, 0.2676125084954615, 0.26008070654659254","263, 330, 175","0.023426471, 0.054409686, 0.06433589"
226,226,"126, 138, 183","0.3690467397440453, 0.3618993583191954, 0.3521315832796648","342, 300, 98","0.02094225, 0.021495646, 0.022561265"
227,227,"27, 149, 104","0.3127860967705662, 0.2629783911280394, 0.25161212377403747","52, 422, 326","0.016458167, 0.017970562, 0.022374758"
228,228,"314, 122, 244","0.41780757244043326, 0.3854071363120128, 0.31858314690582656","315, 133, 476","0.02700479, 0.03835553, 0.04271421"
229,229,"402, 254, 132","0.31283414660931386, 0.31039734568642957, 0.30857137355326053","488, 254, 105","0.00550441, 0.012423497, 0.020020794"
230,230,"363, 36, 455","0.41176851352185756, 0.3984866848959537, 0.3717369236803005","91, 297, 249","0.0021008255, 0.032562308, 0.0816976"
231,231,"431, 145, 141","0.3159421077909408, 0.3077286950886264, 0.30768284525381717","144, 183, 145","0.044424288, 0.057047118, 0.059257954"
232,232,"282, 113, 141","0.2937098142622043, 0.24895832198149603, 0.2419427631890324","190, 29, 141","0.027302885, 0.03874889, 0.09137173"
233,233,"206, 409, 499","0.2715116287836209, 0.2568766832369876, 0.2304122636653858","112, 222, 491","0.024899172, 0.052698996, 0.08909193"
234,234,"445, 479, 91","0.29341285986355076, 0.2924170773901708, 0.27884708852119106","455, 340, 381","0.0009432773, 0.010475747, 0.041050818"
235,235,"282, 364, 7","0.2992976752955944, 0.27937059088313154, 0.2773799943425764","81, 449, 365","0.018989705, 0.027108032, 0.027494546"
236,236,"155, 489, 110","0.3029112029059913, 0.3004710200907678, 0.2988278462728377","262, 321, 186","0.0054751267, 0.006340059, 0.012700789"
237,237,"106, 167, 422","0.36879402395547106, 0.3388332850811446, 0.33284785439043746","224, 8, 66","0.00088531605, 0.019112717, 0.05686914"
238,238,"24, 33, 19","0.27779072612071637, 0.263932917765711, 0.2523971183744309","435, 217, 388","0.014348243, 0.026284946, 0.03398969"
239,239,"65, 393, 275","0.24279779004686994, 0.23735520988565742, 0.23612847661803293","426, 369, 444","0.013600789, 0.021554498, 0.024065578"
240,240,"301, 320, 288","0.30177293205318784, 0.29193147497301697, 0.28926051920427404","420, 64, 383","0.0034068297, 0.0187211, 0.028949331"
241,241,"381, 399, 429","0.36358250377484747, 0.34614862081505543, 0.34439390377711837","327, 21, 330","0.03591475, 0.044075787, 0.046130627"
242,242,"231, 79, 347","0.2936399106457008, 0.2713547524998485, 0.26626130716382573","440, 57, 256","0.009606908, 0.066415146, 0.0689778"
243,243,"166, 470, 381","0.2251882921032563, 0.20660794260647516, 0.20644466819575427","93, 407, 35","0.0051732175, 0.008927243, 0.009279391"
244,244,"183, 23, 383","0.6979758522995142, 0.6381878479004492, 0.6298985265784732","377, 319, 23","0.0032785549, 0.008463667, 0.008697342"
245,245,"180, 110, 439","0.33796386347980034, 0.32131612830637163, 0.30657377192498825","413, 344, 370","0.009248253, 0.05710859, 0.07406597"
246,246,"200, 327, 448","0.2863627891613543, 0.2608913018249551, 0.25586546193553183","452, 166, 150","0.0010317574, 0.024950048, 0.03983931"
247,247,"119, 100, 401","0.41999590215890265, 0.356763963786862, 0.34157110096225374","358, 119, 68","0.015432625, 0.06911204, 0.0854838"
248,248,"50, 126, 167","0.3490938119642664, 0.318581317643094, 0.3093605679822606","387, 50, 464","0.0076977285, 0.017873133, 0.023959827"
249,249,"363, 149, 36","0.3675998198673813, 0.3639411145206648, 0.35261502143814655","297, 340, 381","0.015637254, 0.031219665, 0.034441076"
250,250,"412, 479, 72","0.33366583205069006, 0.32414391520914376, 0.31023052839841286","78, 489, 412","0.00021502825, 0.004895686, 0.04450687"
251,251,"149, 455, 282","0.40890577313794435, 0.4017196607699198, 0.37116629491451486","149, 434, 340","0.00040720686, 0.013984684, 0.022897435"
252,252,"367, 75, 341","0.30840970637338055, 0.2654098669797727, 0.2588156706801359","193, 157, 444","0.0038123722, 0.010387751, 0.015990214"
253,253,"399, 100, 308","0.3389116529961236, 0.32613881154715774, 0.3198549962158415","418, 353, 472","0.014308522, 0.0158001, 0.029331967"
254,254,"110, 244, 36","0.4935206410024536, 0.473263826799025, 0.45517964593642457","488, 229, 377","0.0019121547, 0.012423497, 0.049951643"
255,255,"271, 347, 362","0.4376963592108263, 0.4244361288045139, 0.4079630975077015","485, 401, 146","0.017424516, 0.02678696, 0.037636444"
256,256,"337, 201, 217","0.38448475677204835, 0.3263415989884833, 0.3211063039104839","440, 57, 242","0.02876603, 0.036551885, 0.0689778"
257,257,"470, 90, 126","0.28602523802002383, 0.2693243708754135, 0.2599877243428232","215, 470, 478","0.00089496974, 0.005424377, 0.0156447"
258,258,"20, 47, 23","0.5528853848675427, 0.4969299842051666, 0.4914365045242981","182, 20, 170","0.008681773, 0.012088485, 0.026292993"
259,259,"376, 328, 219","0.2500131872857498, 0.2281073612591938, 0.22674678064822007","391, 18, 214","0.020478548, 0.027172953, 0.034873065"
260,260,"340, 490, 25","0.3121716174973877, 0.3008626769756049, 0.28962561111477014","168, 300, 127","0.028511293, 0.046589255, 0.04665391"
261,261,"396, 244, 383","0.31022884093633246, 0.3081055712538643, 0.29999844349066457","372, 270, 284","0.048049346, 0.064184874, 0.08666276"
262,262,"191, 56, 12","0.3093802311771748, 0.2500479040546681, 0.2487218904645936","236, 186, 214","0.0054751267, 0.017978434, 0.020155916"
263,263,"175, 429, 399","0.3167068690335057, 0.31616576145065345, 0.3059508569007568","0, 225, 2","0.021332977, 0.023426471, 0.029221643"
264,264,"282, 146, 453","0.41949200844327145, 0.40750836940289575, 0.3965376479507619","373, 114, 30","0.0053400267, 0.027069211, 0.03363929"
265,265,"94, 393, 437","0.3885471102626133, 0.3689446068338919, 0.3525744572379364","437, 463, 273","0.028479973, 0.03717482, 0.05162229"
266,266,"487, 183, 244","0.4518380989870301, 0.42653756696295914, 0.4252461634569336","181, 0, 110","0.028766152, 0.057777427, 0.06979521"
267,267,"463, 400, 372","0.3125962860428459, 0.27936835604737503, 0.25924535355830924","75, 77, 129","0.035862982, 0.03954515, 0.040954985"
268,268,"106, 235, 245","0.22573680275207764, 0.21336704380524432, 0.20654433602337083","156, 50, 95","0.0008097789, 0.0428382, 0.04730461"
269,269,"435, 198, 19","0.2289180025685368, 0.2261692689027914, 0.22583884194621925","173, 366, 143","0.00041192048, 0.019035367, 0.028395107"
270,270,"450, 369, 383","0.23944614642233097, 0.21794641976991377, 0.2126336816681256","372, 158, 284","0.001169187, 0.03678322, 0.03952706"
271,271,"255, 24, 294","0.4376963592108263, 0.41744347790319675, 0.3604658029693895","96, 445, 283","0.019830044, 0.0715133, 0.080525994"
272,272,"4, 383, 180","0.26463645629530497, 0.2334941799810961, 0.23266659971265688","4, 349, 19","0.008531528, 0.043752365, 0.06325894"
273,273,"129, 75, 101","0.232051085022817, 0.2252397833422584, 0.21834626801584311","202, 437, 265","0.012985924, 0.021644097, 0.05162229"
274,274,"40, 119, 166","0.36343919371700917, 0.3339987936708316, 0.3288293981099894","72, 162, 280","0.015737236, 0.046019495, 0.050700635"
275,275,"324, 357, 60","0.34833856391835494, 0.3279826778414145, 0.2839913185737674","195, 94, 65","0.08810577, 0.08980615, 0.101480536"
276,276,"354, 167, 244","0.4395351548192837, 0.3892162060967011, 0.38529157373842776","354, 131, 64","0.005678087, 0.008277974, 0.04041187"
277,277,"244, 183, 289","0.5271323599495331, 0.5237955187119333, 0.5077108869371619","100, 280, 250","0.023518076, 0.09946792, 0.11655845"
278,278,"45, 183, 277","0.3414772051700117, 0.3166016618969064, 0.30993747650268505","431, 398, 460","0.0063746357, 0.02409485, 0.068333104"
279,279,"138, 183, 50","0.25815797014933783, 0.25644086733553456, 0.25532344645759947","111, 49, 473","0.0019238545, 0.019137908, 0.029372903"
280,280,"406, 358, 264","0.2944797395497413, 0.2508646277170333, 0.2501657414559888","72, 162, 274","0.011219293, 0.012706453, 0.050700635"
281,281,"189, 289, 58","0.3531858532457756, 0.3153836937017857, 0.3137207808411769","16, 12, 46","0.00076886173, 0.0013996676, 0.014834999"
282,282,"113, 183, 264","0.47211997775235587, 0.44935650649580633, 0.41949200844327145","34, 199, 7","0.00087989104, 0.007008222, 0.010408802"
283,283,"14, 82, 467","0.4375688897839541, 0.41375328962266184, 0.40621683543832243","96, 11, 467","0.026088638, 0.052166153, 0.052539766"
284,284,"182, 381, 399","0.3902365302935797, 0.3169600936028108, 0.3018111427598018","158, 169, 178","0.0001321926, 0.020395482, 0.024482243"
285,285,"403, 183, 14","0.2855649513489607, 0.2838916614174866, 0.2817697417354889","24, 80, 400","0.0011814563, 0.007902442, 0.009368467"
286,286,"40, 251, 430","0.31259043066062836, 0.28356100544352725, 0.2760562717709719","200, 27, 442","0.013440598, 0.03168424, 0.049515665"
287,287,"238, 205, 336","0.2173533981531273, 0.18262352241282773, 0.18040640747295056","446, 443, 342","0.031893887, 0.06513305, 0.07065289"
288,288,"244, 383, 20","0.4414674131545411, 0.4408253729465541, 0.4403842924548034","216, 425, 99","0.002100255, 0.008828589, 0.021983685"
289,289,"244, 277, 383","0.5252297694380874, 0.5077108869371619, 0.4977954818264074","309, 148, 223","0.01325231, 0.021079203, 0.02900458"
290,290,"211, 390, 455","0.2730187581103349, 0.2388088506830186, 0.2295679497965356","364, 427, 424","0.0012442898, 0.009659348, 0.011286483"
291,291,"14, 363, 149","0.45457006494497115, 0.42208004577495545, 0.3808416466444311","39, 25, 113","0.026495716, 0.04675653, 0.056571174"
292,292,"44, 129, 390","0.3042798868123419, 0.29234800506883113, 0.2834927332668648","493, 185, 486","0.00024084834, 0.0059865704, 0.030718328"
293,293,"403, 282, 230","0.29497091242288415, 0.27291186346912766, 0.2574003535681104","137, 7, 220","0.00072525075, 0.001673283, 0.0065338854"
294,294,"429, 410, 80","0.39452678463613217, 0.3864274772403325, 0.3788309924631506","410, 14, 255","0.035288326, 0.045691103, 0.090864785"
295,295,"75, 106, 356","0.3004492866087504, 0.29687814234323867, 0.29642535490015254","380, 77, 85","0.02840535, 0.0582654, 0.0867151"
296,296,"208, 223, 493","0.27579667529644963, 0.2620797435552034, 0.23889406498733212","63, 476, 313","0.016428985, 0.033165652, 0.056582894"
297,297,"241, 183, 455","0.3337803189574085, 0.31784130536738525, 0.3154598599254423","249, 381, 230","0.015637254, 0.019529995, 0.032562308"
298,298,"180, 393, 437","0.4189757270408738, 0.35614026131554466, 0.35317624546467913","339, 44, 15","0.007234877, 0.022192355, 0.045952618"
299,299,"383, 244, 23","0.457390569366987, 0.4525304831982954, 0.44978983880509643","375, 63, 95","0.011631496, 0.024757449, 0.06632735"
300,300,"150, 382, 323","0.31613198924389246, 0.2967392368097021, 0.2766288869232239","226, 260, 168","0.021495646, 0.046589255, 0.059905585"
301,301,"204, 494, 72","0.3378263275503783, 0.33476409674148133, 0.3048495775787098","304, 302, 466","0.010511682, 0.014300877, 0.03115559"
302,302,"383, 50, 167","0.4279135043380986, 0.40618201597307574, 0.36395472036186205","301, 468, 304","0.014300877, 0.026981387, 0.036035754"
303,303,"157, 216, 471","0.30747854139272485, 0.29216283377470775, 0.2855882115724238","305, 103, 417","0.00015277602, 0.019974824, 0.01997511"
304,304,"178, 487, 379","0.3453030249296531, 0.33845174804438743, 0.3270425093444914","301, 302, 428","0.010511682, 0.036035754, 0.067644075"
305,305,"108, 424, 167","0.32793804092622053, 0.3133777875318402, 0.2981822440341895","303, 417, 103","0.00015277602, 0.017842349, 0.02172694"
306,306,"317, 370, 107","0.31471771828105993, 0.2514993371573971, 0.22956793857437094","317, 356, 349","0.002537412, 0.01732542, 0.045526315"
307,307,"139, 490, 351","0.3377738093597191, 0.3346016180128748, 0.3204860708788746","371, 59, 139","0.019457545, 0.035213746, 0.042158708"
308,308,"342, 158, 418","0.35248700120394116, 0.32851492354915, 0.3222338695964136","65, 94, 76","0.009771527, 0.030717466, 0.049244314"
309,309,"82, 47, 109","0.30506905742739976, 0.2829179900755645, 0.2672098713665368","289, 148, 213","0.01325231, 0.017154528, 0.032497674"
310,310,"183, 167, 126","0.40956717850709135, 0.3623960891741526, 0.3586347326879385","486, 53, 123","0.0051173717, 0.010055827, 0.033193506"
311,311,"492, 73, 356","0.2839879189693912, 0.26650327388319006, 0.2659623823019562","458, 492, 10","0.015388118, 0.016868632, 0.024554083"
312,312,"183, 26, 385","0.24432565411526397, 0.23792082978997783, 0.23570917057657081","344, 208, 165","0.036632214, 0.057043865, 0.06855535"
313,313,"494, 40, 483","0.4074982350347971, 0.37354545975553183, 0.33385744989797345","118, 296, 101","0.027059421, 0.056582894, 0.070989765"
314,314,"228, 155, 23","0.41780757244043326, 0.3640140321110516, 0.3207796133342062","133, 118, 408","0.0102333, 0.017914107, 0.01935657"
315,315,"79, 289, 458","0.3434363066244195, 0.322599623177026, 0.29316338950977844","228, 380, 476","0.02700479, 0.036470894, 0.040151738"
316,316,"117, 132, 404","0.35515673978155543, 0.3232716198914603, 0.317843247011476","15, 44, 404","0.032115716, 0.035699055, 0.04840458"
317,317,"370, 367, 306","0.32809280068661045, 0.3268393123764288, 0.31471771828105993","306, 356, 73","0.002537412, 0.008459957, 0.037972838"
318,318,"418, 14, 475","0.33183888752286483, 0.32659879399308056, 0.3012162030107482","469, 47, 480","0.0030681146, 0.012484589, 0.01397646"
319,319,"383, 377, 244","0.5446303346226297, 0.48362347293845165, 0.405960769299105","23, 377, 244","1.0332171e-05, 0.0065189693, 0.008463667"
320,320,"45, 183, 214","0.31925654776527557, 0.3019689620530496, 0.29658116283837826","177, 54, 386","0.006615723, 0.033428654, 0.054861747"
321,321,"474, 453, 82","0.308821379945399, 0.30683293955326146, 0.3055908834110806","236, 262, 186","0.006340059, 0.023238009, 0.023652822"
322,322,"376, 323, 289","0.29452067230459616, 0.29140862064392026, 0.2890700063592863","447, 83, 348","0.00791364, 0.00975908, 0.01462415"
323,323,"376, 396, 322","0.3154992720096646, 0.29800081154556957, 0.29140862064392026","331, 211, 183","0.03850308, 0.06511042, 0.0773411"
324,324,"275, 415, 175","0.34833856391835494, 0.3356810115264284, 0.2802880733396489","172, 205, 217","0.01823039, 0.025101181, 0.095453925"
325,325,"182, 146, 383","0.4168961338498942, 0.40717674246463686, 0.3672409787054067","136, 119, 146","0.0021626174, 0.004960771, 0.04807895"
326,326,"183, 354, 424","0.49549533241398896, 0.47723865144412797, 0.44326627390286877","52, 159, 435","0.0013087507, 0.0014985191, 0.01803527"
327,327,"455, 399, 474","0.38030496034826605, 0.3453851671427313, 0.3362287027251738","330, 21, 209","0.0042750197, 0.012333779, 0.016063422"
328,328,"313, 78, 430","0.2952035033182724, 0.28647303158825554, 0.27717616533866235","6, 211, 484","0.017410032, 0.02494128, 0.03324845"
329,329,"336, 444, 307","0.33833403902309334, 0.2881883390416325, 0.27765642381253225","164, 351, 395","0.011535765, 0.01736883, 0.033673644"
330,330,"166, 150, 5","0.33892638252341056, 0.2931189030050419, 0.2805780687686354","327, 116, 209","0.0042750197, 0.025466407, 0.025871772"
331,331,"289, 244, 25","0.38915390654130166, 0.3280561989269709, 0.327760080245555","482, 323, 106","0.033554778, 0.03850308, 0.05727802"
332,332,"401, 394, 386","0.31625045349621334, 0.2660682200880708, 0.26562409577944696","36, 363, 22","0.035282005, 0.043766838, 0.05114101"
333,333,"351, 336, 307","0.4120959858124184, 0.3806696136281676, 0.2709968687446715","462, 336, 360","0.0023876526, 0.01438871, 0.015463542"
334,334,"439, 299, 110","0.24822854396157265, 0.23724571754850124, 0.22162973947952547","74, 117, 345","0.029899701, 0.03156589, 0.04007478"
335,335,"251, 40, 461","0.3125895371579432, 0.28838630865455006, 0.2698758073952971","82, 152, 448","0.12973793, 0.13037056, 0.14078926"
336,336,"333, 351, 86","0.3806696136281676, 0.35235889279707666, 0.34924079335153674","462, 164, 333","0.0120704835, 0.013077222, 0.01438871"
337,337,"256, 326, 396","0.38448475677204835, 0.3611319855161059, 0.3094736828866406","169, 284, 158","0.0011374091, 0.029412255, 0.03025774"
338,338,"355, 474, 105","0.3506738960252868, 0.2808760451170779, 0.27776097732044075","67, 2, 116","0.04990466, 0.10859778, 0.120718025"
339,339,"157, 341, 139","0.3286520977501723, 0.3235703871967847, 0.3186130988673877","298, 44, 15","0.007234877, 0.020068085, 0.04935401"
340,340,"277, 429, 34","0.4464190392162508, 0.42229530319797165, 0.40329020225654433","455, 234, 251","0.005732623, 0.010475747, 0.022897435"
341,341,"189, 379, 126","0.4229421839576844, 0.3956891564926355, 0.3877105257553286","88, 117, 498","0.011430679, 0.054199934, 0.059495308"
342,342,"289, 308, 166","0.36332527254781805, 0.35248700120394116, 0.3378374171731215","98, 226, 90","0.006049821, 0.02094225, 0.057140607"
343,343,"40, 475, 366","0.2615200679508995, 0.23070352438251185, 0.23042317458459785","259, 46, 218","0.036923863, 0.041068077, 0.046460774"
344,344,"27, 376, 42","0.29932403337635344, 0.2946288031351521, 0.2568702083585419","208, 104, 312","0.012873631, 0.034040052, 0.036632214"
345,345,"222, 379, 206","0.319933686014196, 0.30211321322222545, 0.28163921914507356","189, 454, 334","0.011886059, 0.020479182, 0.04007478"
346,346,"298, 126, 183","0.31985265949807834, 0.31921760009520794, 0.3140424023223129","352, 360, 184","0.010699155, 0.015102206, 0.017189857"
347,347,"146, 255, 131","0.47349864147308945, 0.4244361288045139, 0.41562445976349566","163, 338, 56","0.036598116, 0.15052336, 0.16978556"
348,348,"201, 134, 447","0.2981853173908812, 0.26514936996290345, 0.25923263001014524","447, 83, 322","0.004146748, 0.0047845845, 0.01462415"
349,349,"44, 292, 267","0.28645801284113753, 0.24215038766182798, 0.22955665853014065","272, 306, 317","0.043752365, 0.045526315, 0.05712403"
350,350,"411, 399, 241","0.35849213419904596, 0.3443363761893848, 0.3412171383199953","411, 122, 482","0.03114211, 0.046434678, 0.056089934"
351,351,"333, 128, 336","0.4120959858124184, 0.37804519376280327, 0.35235889279707666","395, 329, 164","0.0028561, 0.01736883, 0.048443783"
352,352,"44, 83, 161","0.25572305226739755, 0.24678214664766296, 0.23369302929207847","346, 184, 360","0.010699155, 0.031937953, 0.03588891"
353,353,"264, 68, 200","0.2837240523766012, 0.28114511770335104, 0.2779861050652356","472, 253, 108","0.011029773, 0.0158001, 0.031809833"
354,354,"383, 244, 167","0.4996801743054701, 0.48935471607976244, 0.486355673101988","276, 131, 64","0.005678087, 0.011063306, 0.07254032"
355,355,"379, 96, 183","0.4671173670707465, 0.42668142733726294, 0.4169434955642703","175, 411, 225","0.0015128066, 0.047842015, 0.07419317"
356,356,"444, 440, 295","0.33586140452314095, 0.3024228170041579, 0.29642535490015254","317, 73, 306","0.008459957, 0.010622541, 0.01732542"
357,357,"275, 59, 76","0.3279826778414145, 0.3274417119779262, 0.30639922777745326","180, 269, 173","0.017761283, 0.041351985, 0.044237226"
358,358,"264, 68, 163","0.3667712218432377, 0.35682577103514107, 0.3142362828135337","247, 402, 119","0.015432625, 0.062370263, 0.06374069"
359,359,"157, 228, 85","0.31249293901974734, 0.30184783091498885, 0.2925529878529255","83, 382, 348","0.022088287, 0.023607623, 0.027867118"
360,360,"164, 390, 187","0.25032083128083155, 0.23451864500400688, 0.2336238751447175","184, 462, 26","0.0011355724, 0.010322896, 0.013201377"
361,361,"140, 86, 276","0.27205114096721555, 0.2523725988296831, 0.2325553489036234","53, 188, 477","0.015886718, 0.022125479, 0.029509492"
362,362,"383, 23, 47","0.4944618182443202, 0.4306016495029392, 0.4154593570876715","483, 258, 23","0.054209296, 0.056787144, 0.067323975"
363,363,"36, 14, 455","0.5694604331716472, 0.5128299325130498, 0.4919110912134849","36, 445, 332","0.0012077007, 0.016062697, 0.043766838"
364,364,"235, 197, 161","0.27937059088313154, 0.246662392949306, 0.2433726547460434","290, 424, 427","0.0012442898, 0.009813814, 0.015511002"
365,365,"183, 244, 165","0.4054965169992582, 0.36754495721883, 0.35987637142313006","449, 235, 81","0.0057396153, 0.027494546, 0.03920573"
366,366,"357, 228, 86","0.28566389548443033, 0.284812918805809, 0.2781021128852702","143, 173, 269","0.0041129966, 0.017991353, 0.019035367"
367,367,"317, 252, 388","0.3268393123764288, 0.30840970637338055, 0.29990622140113915","60, 76, 204","0.014984433, 0.021935336, 0.028198045"
368,368,"465, 355, 467","0.291467265402414, 0.28441397305651966, 0.27703632527258676","397, 379, 408","0.0051639793, 0.019524472, 0.031685658"
369,369,"444, 261, 215","0.2382005270205103, 0.23683792223909514, 0.23538455323444038","444, 426, 239","0.000861457, 0.012185682, 0.021554498"
370,370,"317, 237, 310","0.32809280068661045, 0.2865693061969095, 0.28452928712557113","344, 208, 388","0.048113998, 0.05594374, 0.06287477"
371,371,"393, 404, 224","0.3332145939559632, 0.295065267698648, 0.2921119251370104","495, 115, 307","0.008483252, 0.016218971, 0.019457545"
372,372,"383, 254, 23","0.3943891265427957, 0.39077633557331, 0.35594891095397996","270, 158, 284","0.001169187, 0.035700396, 0.03774011"
373,373,"23, 14, 183","0.5606674849146914, 0.5245398789100215, 0.5210722930366263","264, 114, 30","0.0053400267, 0.011885236, 0.018805487"
374,374,"132, 69, 128","0.2857074140053791, 0.27492010392603233, 0.26608330633767885","198, 4, 409","0.011248066, 0.046678904, 0.047527347"
375,375,"378, 23, 372","0.2712124520229762, 0.2684424054562747, 0.2611589953777351","299, 46, 218","0.011631496, 0.04529494, 0.05760117"
376,376,"323, 53, 344","0.3154992720096646, 0.3132289814455366, 0.2946288031351521","92, 121, 127","0.0012708483, 0.045992576, 0.091100916"
377,377,"319, 383, 244","0.48362347293845165, 0.4160415200686391, 0.39161241287962284","244, 23, 319","0.0032785549, 0.0063877213, 0.0065189693"
378,378,"483, 488, 381","0.38422781515746895, 0.3178252432234909, 0.3150430107488014","195, 60, 204","0.009279944, 0.028389703, 0.04674979"
379,379,"244, 23, 183","0.5382811050569346, 0.49141947496630034, 0.49076810830568324","385, 397, 368","0.0055328417, 0.014351595, 0.019524472"
380,380,"473, 200, 277","0.34540033843559903, 0.34461336017175315, 0.3123239466901311","295, 315, 85","0.02840535, 0.036470894, 0.048803587"
381,381,"429, 241, 23","0.3909984210794207, 0.36358250377484747, 0.3533906374499409","297, 62, 249","0.019529995, 0.02460311, 0.034441076"
382,382,"132, 167, 393","0.34261898361738097, 0.3281511120383675, 0.3169564513711778","83, 359, 322","0.01288217, 0.023607623, 0.02903774"
383,383,"244, 23, 47","0.6298985265784732, 0.5869225550746858, 0.5787381143616727","475, 9, 414","0.0025951678, 0.0067153694, 0.021544686"
384,384,"471, 436, 473","0.2670152114551943, 0.24211482378677993, 0.23623740785498748","176, 70, 8","0.0044832574, 0.042533167, 0.042782955"
385,385,"174, 109, 65","0.27403584681090887, 0.2564945839567637, 0.24536288164667894","379, 148, 397","0.0055328417, 0.011263617, 0.019256994"
386,386,"376, 332, 323","0.2860108426306806, 0.26562409577944696, 0.2609239740670413","55, 54, 177","0.0011969743, 0.04832822, 0.04914386"
387,387,"399, 308, 68","0.28546241938342914, 0.2660806705963193, 0.24832088028743013","464, 248, 186","0.004733394, 0.0076977285, 0.013625247"
388,388,"367, 340, 218","0.29990622140113915, 0.2657908740090921, 0.2657193839232018","217, 238, 435","0.017811293, 0.03398969, 0.05322454"
389,389,"105, 36, 448","0.3247190379475779, 0.3236079612551795, 0.3167529060017304","146, 255, 119","0.027081432, 0.0685793, 0.08252898"
390,390,"129, 75, 292","0.48373971980768676, 0.29823215172600437, 0.2834927332668648","129, 75, 210","0.00028839044, 0.004804526, 0.028608605"
391,391,"50, 183, 126","0.4244116735312604, 0.42327077763225485, 0.41991745045117607","259, 214, 18","0.020478548, 0.027609866, 0.050639935"
392,392,"95, 149, 251","0.2877163895084745, 0.2706162840877817, 0.24028186107895003","430, 174, 415","0.00855489, 0.04234924, 0.049829286"
393,393,"265, 298, 17","0.3689446068338919, 0.35614026131554466, 0.34650020514188834","17, 157, 151","0.0033099344, 0.022065805, 0.025052547"
394,394,"460, 332, 282","0.28222620830206474, 0.2660682200880708, 0.23087053705496494","460, 200, 399","0.037181426, 0.058682546, 0.0684166"
395,395,"161, 336, 17","0.2467470561610213, 0.20782889413913766, 0.20773311065255542","351, 329, 153","0.0028561, 0.033673644, 0.043618254"
396,396,"289, 288, 128","0.44490701181010855, 0.3668735663230918, 0.33940207086202023","89, 302, 468","0.0010168783, 0.045077268, 0.06833666"
397,397,"249, 365, 439","0.319484874667873, 0.27675360159810575, 0.2652109272353415","368, 379, 385","0.0051639793, 0.014351595, 0.019256994"
398,398,"185, 370, 251","0.25626849288814646, 0.2526611391509639, 0.25031775424170477","431, 278, 312","0.0056986753, 0.02409485, 0.113069914"
399,399,"126, 391, 383","0.41071752193222144, 0.38074197381703767, 0.376663033000283","460, 29, 394","0.0062530134, 0.05886466, 0.0684166"
400,400,"451, 403, 267","0.30695142013651683, 0.2890777524674197, 0.27936835604737503","285, 24, 80","0.009368467, 0.01306808, 0.019570328"
401,401,"247, 332, 78","0.34157110096225374, 0.31625045349621334, 0.2976311756990142","485, 30, 255","0.0092553515, 0.016517835, 0.02678696"
402,402,"47, 183, 110","0.3979943315441299, 0.3954447284139481, 0.39227966489369476","105, 244, 229","0.035850603, 0.04037565, 0.06014116"
403,403,"282, 277, 24","0.382531397134447, 0.3538854388904298, 0.3537300133945405","187, 499, 113","0.009394941, 0.019430045, 0.03417497"
404,404,"161, 316, 493","0.3399985308699332, 0.317843247011476, 0.3174719623424874","147, 132, 316","0.010353428, 0.015627379, 0.04840458"
405,405,"492, 396, 409","0.2895852511232347, 0.28254891188860726, 0.2760296712759971","413, 443, 245","0.033969827, 0.06820981, 0.07782389"
406,406,"68, 469, 280","0.3136824775408387, 0.29739393737143466, 0.2944797395497413","114, 264, 373","0.045219056, 0.0516474, 0.05976084"
407,407,"126, 50, 289","0.37995970808356794, 0.3769508912084258, 0.37198662718709663","35, 243, 478","1.8685274e-05, 0.008927243, 0.010819308"
408,408,"483, 381, 494","0.33065714861649426, 0.30353352564533614, 0.2849113774600758","314, 223, 368","0.01935657, 0.022751419, 0.031685658"
409,409,"405, 83, 492","0.2760296712759971, 0.2644550479406187, 0.26373802496723003","198, 348, 4","0.013402117, 0.033173066, 0.03668839"
410,410,"294, 24, 14","0.3864274772403325, 0.37440288318034565, 0.372842054152365","294, 445, 14","0.035288326, 0.039226584, 0.04178717"
411,411,"399, 350, 484","0.3734877079539117, 0.35849213419904596, 0.3342317306161675","350, 175, 355","0.03114211, 0.03307528, 0.047842015"
412,412,"72, 399, 264","0.3801033668387695, 0.369133208700459, 0.3431515708981776","67, 489, 209","0.019135742, 0.01989061, 0.022911882"
413,413,"145, 141, 96","0.379549782505788, 0.37162424225652035, 0.36759369535554187","245, 405, 370","0.009248253, 0.033969827, 0.063446775"
414,414,"47, 383, 254","0.3904994313861126, 0.37128867722077485, 0.36314017705916174","9, 475, 429","0.00456803, 0.009234375, 0.016482072"
415,415,"90, 324, 21","0.3533283892957107, 0.3356810115264284, 0.2878419121280185","433, 430, 222","0.0054640817, 0.018060457, 0.024246735"
416,416,"399, 175, 327","0.2906800217527363, 0.27302964165289323, 0.2664521297638703","135, 278, 431","0.05943518, 0.111979425, 0.124886826"
417,417,"143, 336, 495","0.2833905480196279, 0.25325363801189593, 0.24465802549435076","305, 303, 86","0.017842349, 0.01997511, 0.02350323"
418,418,"14, 318, 363","0.34186490588762797, 0.33183888752286483, 0.327751445028053","253, 87, 433","0.014308522, 0.043118574, 0.05490523"
419,419,"140, 5, 267","0.22165413682376653, 0.21837786043541138, 0.21238069340977137","497, 426, 369","0.0007478864, 0.028319657, 0.032981884"
420,420,"383, 180, 14","0.38002948637837647, 0.3355184884588828, 0.3344681198728045","240, 475, 383","0.0034068297, 0.024181474, 0.02660496"
421,421,"365, 214, 416","0.28671261251297464, 0.24241446858306656, 0.23693690563935768","477, 188, 142","0.00342861, 0.0069984994, 0.009458022"
422,422,"167, 189, 244","0.4002200891793573, 0.3731240075212214, 0.35148251481824416","227, 104, 221","0.017970562, 0.020997602, 0.021961965"
423,423,"453, 28, 72","0.2767548129619955, 0.22723145763829797, 0.22449566130497248","125, 28, 365","0.004181536, 0.008651705, 0.082099184"
424,424,"183, 244, 145","0.5033559433989154, 0.48604308736903645, 0.45266749176304266","364, 290, 427","0.009813814, 0.011286483, 0.04052004"
425,425,"411, 45, 36","0.229026476874173, 0.22791072089906259, 0.22759877589333652","288, 216, 99","0.008828589, 0.01830556, 0.021070262"
426,426,"404, 157, 69","0.3104508446780602, 0.30887460650789383, 0.29423176473945767","369, 239, 444","0.012185682, 0.013600789, 0.018801276"
427,427,"127, 222, 419","0.22691094684372617, 0.210202883589972, 0.20421201864596586","290, 364, 424","0.009659348, 0.015511002, 0.04052004"
428,428,"379, 85, 244","0.3657893253877229, 0.3367396876785927, 0.3232360244240435","169, 304, 337","0.058396377, 0.067644075, 0.06948591"
429,429,"277, 471, 72","0.475182416621781, 0.4656946640637057, 0.44264278509677196","459, 414, 9","0.013926292, 0.016482072, 0.036657717"
430,430,"313, 152, 328","0.30026412898165566, 0.2965355322747511, 0.27717616533866235","392, 415, 174","0.00855489, 0.018060457, 0.035361107"
431,431,"399, 231, 277","0.316311461979861, 0.3159421077909408, 0.3011870529745157","398, 278, 394","0.0056986753, 0.0063746357, 0.10577571"
432,432,"61, 222, 75","0.24349826112871634, 0.23732685036993054, 0.23530305532247717","141, 399, 424","0.03443791, 0.1740594, 0.21581183"
433,433,"168, 411, 251","0.3053783638045435, 0.300545170344851, 0.29833878961160726","415, 222, 430","0.0054640817, 0.0176509, 0.042674378"
434,434,"113, 403, 439","0.3077220699237679, 0.304492270662591, 0.28412797275181406","149, 251, 340","0.009835194, 0.013984684, 0.038647227"
435,435,"77, 167, 407","0.32988377320276374, 0.30376892088329227, 0.2843577162179298","159, 238, 326","0.010781803, 0.014348243, 0.01803527"
436,436,"471, 399, 84","0.35311792408128273, 0.31070757985660297, 0.3067845351714244","192, 216, 288","0.014504775, 0.08571257, 0.10277575"
437,437,"167, 379, 244","0.43226743277253066, 0.3629370339095345, 0.3538004791058575","273, 265, 202","0.021644097, 0.028479973, 0.06709138"
438,438,"326, 206, 50","0.34298459986379654, 0.3033709546566444, 0.27734942190907347","126, 154, 470","0.0048981896, 0.027191523, 0.040020145"
439,439,"128, 183, 424","0.35495424795206754, 0.3439816913411497, 0.33248504623483527","450, 41, 473","0.00049254467, 0.0030572056, 0.0067442735"
440,440,"356, 167, 295","0.3024228170041579, 0.2976591780232754, 0.27720604731879495","242, 256, 57","0.009606908, 0.02876603, 0.03161884"
441,441,"40, 250, 113","0.3458367293784988, 0.26445358792283263, 0.25565731774477607","84, 100, 434","0.009382459, 0.036048092, 0.07387454"
442,442,"452, 281, 88","0.30868565908446416, 0.3065458510372314, 0.28618006251918665","286, 200, 82","0.049515665, 0.07351355, 0.08339672"
443,443,"205, 213, 326","0.29882976811739176, 0.2912315440139394, 0.2796122337989412","446, 287, 405","0.016477875, 0.06513305, 0.06820981"
444,444,"180, 76, 103","0.3525299196706486, 0.3451767154875662, 0.3365678517101062","369, 252, 426","0.000861457, 0.015990214, 0.018801276"
445,445,"91, 251, 254","0.39834952670734775, 0.3611515381036017, 0.3295549109918601","363, 36, 410","0.016062697, 0.020405402, 0.039226584"
446,446,"98, 447, 36","0.3429388001914359, 0.28763155885052727, 0.2719446813684472","443, 287, 168","0.016477875, 0.031893887, 0.06527511"
447,447,"134, 202, 446","0.34165093033803173, 0.3388210253794058, 0.28763155885052727","348, 322, 83","0.004146748, 0.00791364, 0.0105668185"
448,448,"277, 389, 82","0.3632409680746987, 0.3167529060017304, 0.31488782218679084","451, 386, 177","0.061126262, 0.10204882, 0.1084672"
449,449,"82, 202, 455","0.2914797192121465, 0.28992404272732836, 0.2815060618769398","365, 235, 165","0.0057396153, 0.027108032, 0.05212887"
450,450,"167, 244, 165","0.402470341430208, 0.40211766304855434, 0.399195409492008","439, 41, 473","0.00049254467, 0.004250254, 0.006331263"
451,451,"400, 381, 463","0.30695142013651683, 0.2638352205021635, 0.2584600014106914","144, 448, 386","0.03528782, 0.061126262, 0.061235912"
452,452,"183, 155, 126","0.3638312132183188, 0.34657985737239466, 0.3441053428396526","246, 166, 150","0.0010317574, 0.016395213, 0.028412798"
453,453,"264, 474, 399","0.3965376479507619, 0.36769369633252036, 0.3646827322038648","494, 207, 474","0.024449216, 0.049668238, 0.10257982"
454,454,"189, 126, 167","0.35470434417657143, 0.3394307760097955, 0.3208510149010733","189, 345, 3","0.0011731364, 0.020479182, 0.041769825"
455,455,"14, 363, 36","0.5316908209202533, 0.4919110912134849, 0.47547888556686474","234, 340, 381","0.0009432773, 0.005732623, 0.03836921"
456,456,"134, 251, 185","0.38496525992881553, 0.30425083796540814, 0.2817174568511158","134, 109, 457","0.010452, 0.15153447, 0.17573643"
457,457,"128, 194, 77","0.3414721598757216, 0.3412342007846787, 0.33415632127202866","143, 173, 366","0.036794953, 0.06047866, 0.061398454"
458,458,"315, 86, 51","0.29316338950977844, 0.2628679241930214, 0.2434201590878644","492, 10, 311","7.816415e-05, 0.005449639, 0.015388118"
459,459,"47, 383, 347","0.5122242894621664, 0.4388440795421579, 0.3774190065184984","471, 429, 171","0.009433301, 0.013926292, 0.019302787"
460,460,"289, 281, 111","0.32839605045213477, 0.3092814949340909, 0.3060266830662022","399, 394, 278","0.0062530134, 0.037181426, 0.068333104"
461,461,"199, 146, 282","0.3381703270255146, 0.33146581802733105, 0.32528075771359827","45, 25, 39","0.017302036, 0.03204193, 0.052401215"
462,462,"310, 196, 126","0.25399415537261777, 0.24963339327084277, 0.23752658464538068","333, 360, 336","0.0023876526, 0.010322896, 0.0120704835"
463,463,"267, 132, 437","0.3125962860428459, 0.3040746282712854, 0.28467828024963276","75, 265, 129","0.020645345, 0.03717482, 0.04110057"
464,464,"454, 189, 50","0.2943994315938073, 0.29257670889256177, 0.2759667447646507","387, 186, 248","0.004733394, 0.0059628817, 0.023959827"
465,465,"450, 167, 424","0.33588436660298865, 0.33357553418138325, 0.32331018752148705","42, 90, 98","0.0022136576, 0.0030550007, 0.050319638"
466,466,"391, 289, 288","0.3650073360629234, 0.3556890494477625, 0.34374812793933057","301, 302, 468","0.03115559, 0.03684519, 0.04595557"
467,467,"14, 244, 82","0.47362628741834456, 0.43088567612574064, 0.4224822025193678","80, 234, 285","0.020640168, 0.046544593, 0.0501306"
468,468,"244, 289, 379","0.3435513608563782, 0.3426089815262479, 0.33047323778961996","302, 466, 89","0.026981387, 0.04595557, 0.055573292"
469,469,"319, 47, 414","0.3611815852207856, 0.31586488028334186, 0.30662279620492994","318, 43, 47","0.0030681146, 0.009080416, 0.012755992"
470,470,"88, 90, 166","0.3701201880020096, 0.3573796683068822, 0.3538142065779499","257, 196, 215","0.005424377, 0.0065178094, 0.010681447"
471,471,"429, 72, 277","0.4656946640637057, 0.44104404614588244, 0.4250190322627441","171, 459, 429","0.00610133, 0.009433301, 0.040214457"
472,472,"163, 131, 474","0.35156475090571565, 0.34771361868778494, 0.32484296992175715","353, 108, 253","0.011029773, 0.014038022, 0.029331967"
473,473,"99, 380, 399","0.3504785465536659, 0.34540033843559903, 0.30547968265077713","41, 450, 439","0.002014517, 0.006331263, 0.0067442735"
474,474,"244, 82, 183","0.4362502291104398, 0.42265323900818813, 0.4136741998417939","102, 207, 453","0.03252795, 0.06804092, 0.10257982"
475,475,"489, 247, 14","0.34730394589100994, 0.33586801986675835, 0.33167403740572476","9, 383, 414","0.0012325987, 0.0025951678, 0.009234375"
476,476,"74, 456, 120","0.24516060325002162, 0.22917631559611343, 0.21279942729615095","296, 315, 228","0.033165652, 0.040151738, 0.04271421"
477,477,"365, 38, 493","0.22903404632698457, 0.2279482039643185, 0.22573270200901127","188, 421, 142","0.0012647773, 0.00342861, 0.011560107"
478,478,"59, 180, 317","0.2775128009079804, 0.2682487178402781, 0.26665051931060535","407, 35, 215","0.010819308, 0.011681284, 0.013708364"
479,479,"250, 264, 234","0.32414391520914376, 0.3194111567146523, 0.2924170773901708","14, 485, 363","0.0116708, 0.069590434, 0.07415761"
480,480,"22, 146, 64","0.27946141646615524, 0.2738144913372878, 0.2691910855858151","68, 318, 469","0.0022584351, 0.01397646, 0.021719776"
481,481,"487, 155, 217","0.31646315215399773, 0.2951165169981873, 0.2942796154551053","128, 19, 69","0.028629161, 0.03852385, 0.097728826"
482,482,"80, 148, 355","0.29216883572578606, 0.2674447008768141, 0.2666966366971428","331, 241, 350","0.033554778, 0.04935013, 0.056089934"
483,483,"40, 378, 494","0.391644893977245, 0.38422781515746895, 0.3828830172430138","99, 425, 383","0.023027599, 0.050321724, 0.05188536"
484,484,"206, 411, 399","0.36252186412140014, 0.3342317306161675, 0.2970243973812087","45, 328, 461","0.016818197, 0.03324845, 0.06039978"
485,485,"80, 489, 14","0.32086532369050086, 0.31853368539462457, 0.31751174617205685","401, 255, 30","0.0092553515, 0.017424516, 0.049069233"
486,486,"26, 326, 434","0.27810689916082604, 0.25084331565367474, 0.24787427840710832","310, 185, 493","0.0051173717, 0.023368059, 0.026026046"
487,487,"244, 14, 183","0.5143041640991167, 0.5068817629614629, 0.5004657899013785","56, 266, 181","0.0650309, 0.10542745, 0.12161009"
488,488,"258, 23, 244","0.49035124114150314, 0.4882683738631728, 0.44306468977425856","254, 229, 105","0.0019121547, 0.00550441, 0.04456764"
489,489,"146, 363, 36","0.45790216496769426, 0.41126373544608685, 0.3880339370395592","250, 78, 412","0.004895686, 0.0070276344, 0.01989061"
490,490,"307, 128, 126","0.3346016180128748, 0.33452229345502954, 0.32913073167329876","107, 153, 395","0.00044074535, 0.043888338, 0.053948686"
491,491,"122, 354, 471","0.3077397157815191, 0.302789759774458, 0.29792745810374005","112, 233, 231","0.020821467, 0.08909193, 0.1217227"
492,492,"128, 73, 42","0.3719313621931238, 0.35845435044382506, 0.3481047366876318","458, 10, 311","7.816415e-05, 0.004375648, 0.016868632"
493,493,"404, 4, 197","0.3174719623424874, 0.2554918521000362, 0.25456945380906865","292, 185, 486","0.00024084834, 0.0060379594, 0.026026046"
494,494,"313, 40, 483","0.4074982350347971, 0.38416983824794554, 0.3828830172430138","207, 453, 102","0.013415354, 0.024449216, 0.09796809"
495,495,"147, 444, 490","0.3549912149426076, 0.281828224245189, 0.27241470852558347","115, 371, 307","0.0018035822, 0.008483252, 0.042241182"
496,496,"110, 180, 82","0.33044358053012685, 0.317985225235535, 0.3157019543803002","138, 142, 123","0.02052711, 0.030047845, 0.0325828"
497,497,"122, 356, 157","0.29122174344309587, 0.27480735007641127, 0.27367197588125886","419, 369, 426","0.0007478864, 0.033949092, 0.034708336"
498,498,"241, 180, 126","0.3442984404019622, 0.32508447599654006, 0.317553810295328","154, 117, 438","0.006363253, 0.03370269, 0.042436633"
499,499,"403, 424, 24","0.3333760509810195, 0.3290733386746705, 0.32161901431315765","403, 187, 113","0.019430045, 0.05573969, 0.06340943"
