0,"[146, 325, 471]","[0.3103043932582783, 0.3020154999396787, 0.28555041365677164]","[213, 487, 266]","[0.80969834, 1.1577128, 1.9952246]"
1,"[206, 14, 20]","[0.4758417529573216, 0.4317349916014361, 0.41026389199078395]","[183, 177, 54]","[0.20874013, 0.39823884, 0.40680936]"
2,"[230, 399, 146]","[0.32193494149206187, 0.31914375833767394, 0.31275153900515096]","[230, 91, 381]","[0.013753349, 0.66953915, 0.7767411]"
3,"[12, 460, 122]","[0.2692922037816554, 0.24495009845508417, 0.23315952472951948]","[140, 342, 172]","[0.15522383, 0.84786046, 1.1731012]"
4,"[355, 351, 197]","[0.3146892828060827, 0.2813064147549739, 0.2790148676972218]","[272, 198, 239]","[0.005031132, 0.5348047, 5.954677]"
5,"[288, 47, 64]","[0.33440910026010995, 0.3124081966601709, 0.2962417692845189]","[425, 216, 288]","[0.17835803, 0.34038156, 0.53049517]"
6,"[40, 313, 479]","[0.27232123848241746, 0.2486332007481924, 0.24520376471319172]","[328, 71, 55]","[0.9525871, 1.3830992, 1.3865453]"
7,"[282, 136, 183]","[0.4161010033547447, 0.3744645169539708, 0.37184704403467633]","[484, 25, 45]","[0.13006933, 0.24722339, 0.5872244]"
8,"[154, 224, 307]","[0.26949641193069523, 0.24295540683114666, 0.23602460069623296]","[214, 387, 208]","[0.5387511, 0.5911301, 0.6515298]"
9,"[14, 289, 244]","[0.35582012706731647, 0.35049788333530046, 0.3386854206817335]","[383, 475, 420]","[0.008363216, 0.08849038, 0.2718598]"
10,"[201, 393, 75]","[0.39388274370102067, 0.30430024561153574, 0.2715678785693974]","[73, 201, 349]","[0.10148145, 0.34067628, 0.8446112]"
11,"[145, 168, 96]","[0.2735333719694031, 0.2615288393735183, 0.25747443540227904]","[80, 285, 467]","[0.11672575, 0.23102503, 0.33412915]"
12,"[354, 383, 326]","[0.41198268411842914, 0.40487915943696384, 0.39862390372710843]","[50, 167, 248]","[0.01620442, 0.020851722, 0.043227404]"
13,"[317, 365, 197]","[0.2929865706539802, 0.2770492925656593, 0.2642676594061421]","[259, 281, 237]","[0.22760376, 0.9233007, 1.2108784]"
14,"[23, 244, 183]","[0.5801425411754897, 0.578026764515598, 0.5651969443711247]","[36, 363, 485]","[0.16900909, 0.5187388, 0.6616401]"
15,"[44, 161, 487]","[0.2997823324116378, 0.2678938856711944, 0.25840541456335403]","[44, 404, 316]","[0.010646474, 0.22053432, 0.7446803]"
16,"[289, 391, 182]","[0.29797944505863466, 0.29441513863746666, 0.2851546017377811]","[18, 464, 125]","[0.13547485, 0.16515492, 0.30525917]"
17,"[393, 298, 128]","[0.34650020514188834, 0.3435129647509818, 0.3376431677531811]","[128, 151, 69]","[0.20495087, 0.3344875, 0.4839561]"
18,"[222, 180, 391]","[0.35379736410846757, 0.30373890939443904, 0.29750963013337334]","[16, 299, 218]","[0.13547485, 0.23948455, 0.38897637]"
19,"[379, 189, 165]","[0.3512599653715818, 0.3404623902541721, 0.33528243689873705]","[409, 194, 481]","[0.6711094, 0.7062984, 0.81576186]"
20,"[23, 258, 244]","[0.5931149103236742, 0.5528853848675427, 0.544359084130473]","[47, 258, 182]","[0.19749779, 0.47310308, 0.48243272]"
21,"[429, 381, 471]","[0.31918512522733616, 0.30767233013882095, 0.30329216601916453]","[91, 124, 327]","[0.1690096, 0.22036448, 0.56725717]"
22,"[480, 383, 277]","[0.27946141646615524, 0.25913393329610696, 0.25252528130341484]","[434, 84, 277]","[0.27843037, 0.7001097, 0.78158367]"
23,"[244, 20, 383]","[0.6381878479004492, 0.5931149103236742, 0.5869225550746858]","[377, 244, 319]","[0.017164713, 0.0443757, 0.26689702]"
24,"[271, 145, 255]","[0.41744347790319675, 0.3840873397640445, 0.3805611359087541]","[285, 80, 403]","[0.012395902, 0.057312187, 0.15376046]"
25,"[244, 183, 45]","[0.545274114000463, 0.5317202945560201, 0.44303718385308827]","[45, 7, 183]","[0.11585485, 0.24722339, 0.4880786]"
26,"[161, 336, 486]","[0.28742860669157144, 0.279324969998272, 0.27810689916082604]","[161, 352, 184]","[0.003622645, 0.12028137, 0.18849194]"
27,"[474, 422, 183]","[0.3626476398869658, 0.34364218313822104, 0.32119650732721233]","[344, 152, 150]","[0.5207028, 0.5549123, 0.9506719]"
28,"[453, 72, 82]","[0.2853827216780063, 0.25974635003428465, 0.2540881425445929]","[208, 442, 120]","[0.5499227, 0.93134624, 1.1016202]"
29,"[399, 110, 166]","[0.36817790666908673, 0.29046446498889184, 0.2880013862683261]","[399, 452, 166]","[0.16604416, 0.3529835, 0.46803975]"
30,"[136, 163, 146]","[0.4693142414593396, 0.4515775742954519, 0.40290611546704896]","[163, 347, 483]","[0.44746855, 1.3284585, 2.7119951]"
31,"[125, 134, 50]","[0.2721950803061748, 0.2714297692883725, 0.2556949034658504]","[311, 423, 287]","[0.9413165, 1.3334925, 1.7595482]"
32,"[157, 85, 366]","[0.2648370950355077, 0.22936695192226744, 0.2268502933381431]","[107, 395, 490]","[1.0651044, 1.3130069, 1.459345]"
33,"[289, 189, 383]","[0.39551845350681675, 0.3321450494502151, 0.3048832487506106]","[70, 212, 176]","[0.27442887, 0.5705499, 0.64014095]"
34,"[340, 149, 294]","[0.40329020225654433, 0.373023859049022, 0.3365973972098715]","[282, 291, 293]","[0.33892208, 0.5005247, 0.5067324]"
35,"[180, 88, 126]","[0.40276513029233096, 0.34806780364735773, 0.2963518238805029]","[243, 153, 51]","[0.01680837, 0.10242632, 0.1253137]"
36,"[363, 14, 455]","[0.5694604331716472, 0.5142922437330444, 0.47547888556686474]","[14, 363, 96]","[0.16900909, 0.30003342, 0.3697879]"
37,"[393, 456, 140]","[0.32526697108246566, 0.26610251003803015, 0.25645239185424906]","[456, 134, 109]","[0.48983714, 0.64270926, 0.852379]"
38,"[141, 206, 138]","[0.32333042514032917, 0.3182254397649422, 0.2963863060436549]","[421, 477, 188]","[0.21615818, 0.2963764, 0.3101415]"
39,"[187, 499, 424]","[0.28027267674233647, 0.26391848664344786, 0.2592518525867134]","[499, 45, 58]","[0.07890859, 0.39993566, 0.5276823]"
40,"[183, 14, 244]","[0.5068458814054315, 0.40532687642833437, 0.3953322453863419]","[61, 282, 293]","[0.09658826, 0.2839464, 0.32916546]"
41,"[424, 86, 244]","[0.3526075689642784, 0.3430042994475571, 0.3399146345491954]","[437, 224, 205]","[0.6184426, 0.63524795, 0.66928434]"
42,"[424, 167, 492]","[0.3871110102712385, 0.3790342710403592, 0.3481047366876318]","[465, 138, 185]","[0.074059315, 0.08569535, 0.10044912]"
43,"[261, 469, 436]","[0.28449259682921885, 0.28396726275188905, 0.2772307553511849]","[469, 480, 170]","[0.19102749, 0.40219536, 0.5019541]"
44,"[161, 292, 15]","[0.37287505864687137, 0.3042798868123419, 0.2997823324116378]","[15, 404, 316]","[0.010646474, 0.13458034, 0.59839267]"
45,"[183, 244, 25]","[0.5136985912538607, 0.4799638471899484, 0.44303718385308827]","[25, 39, 58]","[0.11585485, 0.39993566, 0.44875616]"
46,"[216, 383, 125]","[0.32684956832539486, 0.31874109269270395, 0.28190131852777484]","[174, 430, 392]","[0.2221713, 0.64612293, 1.0384324]"
47,"[383, 459, 258]","[0.5787381143616727, 0.5122242894621664, 0.4969299842051666]","[20, 402, 469]","[0.19749779, 0.3419842, 0.35831386]"
48,"[376, 128, 450]","[0.2591555934558112, 0.25217131319150526, 0.239496058711852]","[432, 226, 260]","[0.7664385, 0.92754495, 1.1700602]"
49,"[332, 39, 336]","[0.25201256936020033, 0.2469207620458844, 0.2253304065651457]","[165, 326, 227]","[0.08236573, 0.08603568, 0.33829647]"
50,"[244, 383, 126]","[0.49878500358654737, 0.4911629971673465, 0.4875160207846177]","[248, 12, 167]","[0.0068576327, 0.01620442, 0.03345902]"
51,"[128, 189, 126]","[0.4152670943875372, 0.3639176362210241, 0.3582456097461215]","[243, 35, 153]","[0.052962046, 0.1253137, 0.23329565]"
52,"[355, 201, 236]","[0.3106638165849979, 0.3092198941321107, 0.2528451331052521]","[159, 66, 437]","[0.20926723, 0.26247162, 0.38534838]"
53,"[376, 457, 103]","[0.3132289814455366, 0.24710228444001267, 0.24092774808573078]","[361, 493, 486]","[0.23539977, 0.4299633, 0.7281703]"
54,"[473, 491, 122]","[0.2943903716922836, 0.28608721954551247, 0.28106006044166304]","[177, 448, 1]","[0.04657521, 0.19045547, 0.40680936]"
55,"[91, 474, 455]","[0.3013934368632502, 0.2893739622603479, 0.2818273376810732]","[320, 328, 144]","[0.42678574, 0.7651212, 1.0964198]"
56,"[347, 255, 362]","[0.27982198869332137, 0.25826546415550244, 0.25497496975693296]","[347, 163, 338]","[0.42621505, 1.2673692, 2.2757382]"
57,"[495, 336, 417]","[0.24240166199739085, 0.23816213954259938, 0.2357900245901563]","[417, 86, 427]","[0.076720335, 0.43247586, 3.1660728]"
58,"[281, 277, 244]","[0.3137207808411769, 0.3121039474128298, 0.30958800565583616]","[45, 39, 211]","[0.44875616, 0.5276823, 0.6301853]"
59,"[357, 180, 88]","[0.3274417119779262, 0.29026236950330747, 0.28738584585793114]","[139, 307, 339]","[0.25120038, 0.52318084, 0.75552845]"
60,"[275, 313, 494]","[0.2839913185737674, 0.2665880048023805, 0.26588331220580136]","[408, 378, 375]","[0.43550104, 0.67679954, 0.89577264]"
61,"[282, 113, 36]","[0.31611766303419064, 0.31094938760323276, 0.283961710554329]","[282, 293, 40]","[0.063687645, 0.073561266, 0.09658826]"
62,"[429, 381, 340]","[0.35919785557738165, 0.3247358091738674, 0.29286048032221795]","[340, 381, 234]","[0.28835562, 0.30999136, 0.76233196]"
63,"[14, 23, 418]","[0.3464130796844107, 0.32426618851067074, 0.2990752877779669]","[275, 379, 314]","[0.35570207, 0.41840482, 0.52496123]"
64,"[412, 475, 99]","[0.3420511567992395, 0.3158878062505635, 0.31529899326106486]","[99, 5, 425]","[1.0476258, 1.6139936, 1.8684549]"
65,"[59, 433, 109]","[0.2737260478119479, 0.25935887367291305, 0.25769966393174376]","[372, 178, 275]","[0.18647435, 0.437509, 0.5846255]"
66,"[83, 447, 292]","[0.2709544994623996, 0.2683577640646609, 0.2641039163381968]","[279, 52, 450]","[0.16740574, 0.26247162, 0.41036606]"
67,"[253, 124, 109]","[0.22970917356329165, 0.22957109299421685, 0.22898974423985266]","[116, 250, 412]","[0.55937904, 1.0440149, 1.078615]"
68,"[146, 100, 264]","[0.3865738613061005, 0.37789357158284514, 0.37595504087939746]","[318, 358, 402]","[0.095207945, 0.15481316, 0.31701607]"
69,"[128, 167, 42]","[0.32551786655699305, 0.30299112667374545, 0.29665887061032165]","[128, 17, 151]","[0.22864757, 0.4839561, 0.7380738]"
70,"[126, 277, 167]","[0.27878972077123904, 0.2743652618458006, 0.2696860162404025]","[33, 176, 214]","[0.27442887, 0.42879322, 0.636728]"
71,"[175, 241, 455]","[0.3432335274308349, 0.3028231942080981, 0.29566637955053027]","[137, 6, 220]","[1.0717609, 1.3830992, 2.1488497]"
72,"[354, 383, 277]","[0.47745535564627234, 0.4739662522090738, 0.4676428577746777]","[162, 274, 280]","[0.28502584, 0.39411092, 0.40470463]"
73,"[289, 167, 128]","[0.4143691690537789, 0.4004114438252941, 0.3986003179226199]","[10, 349, 201]","[0.10148145, 0.3607337, 0.7003883]"
74,"[180, 155, 189]","[0.33768626356253645, 0.3170042234608693, 0.3107851435274235]","[498, 189, 345]","[0.1285187, 0.17681193, 0.26719946]"
75,"[129, 206, 25]","[0.40136270069836605, 0.3888657732563762, 0.3604617631989853]","[129, 390, 77]","[0.24232326, 0.57492983, 0.62228686]"
76,"[444, 357, 18]","[0.3451767154875662, 0.30639922777745326, 0.2904338732218846]","[379, 368, 337]","[0.12004777, 0.2912904, 0.52223706]"
77,"[167, 457, 244]","[0.35545956268469786, 0.33415632127202866, 0.33355993075089296]","[219, 295, 75]","[0.018562429, 0.31241894, 0.62228686]"
78,"[401, 119, 328]","[0.2976311756990142, 0.2938130312915969, 0.28647303158825554]","[489, 434, 277]","[0.0018093556, 1.267819, 1.4718715]"
79,"[294, 315, 429]","[0.37144849270861263, 0.3434363066244195, 0.33655495249631556]","[403, 187, 24]","[0.19584554, 0.5922875, 0.6296679]"
80,"[145, 244, 467]","[0.49680991956765314, 0.42516854063445314, 0.4120511613689269]","[285, 24, 11]","[0.020767521, 0.057312187, 0.11672575]"
81,"[98, 413, 145]","[0.2632833513000183, 0.2630460581177643, 0.2589721058057655]","[237, 75, 449]","[0.66204214, 1.2751557, 1.3399855]"
82,"[244, 14, 383]","[0.532257714514854, 0.4884835785577606, 0.4775221151287963]","[231, 491, 106]","[0.58908665, 0.67842525, 0.8107032]"
83,"[289, 244, 128]","[0.40582625830913116, 0.3787091273431433, 0.37338262049465215]","[359, 409, 382]","[0.06569466, 0.17593816, 0.3477544]"
84,"[277, 183, 244]","[0.3774911707238406, 0.37117539349568474, 0.3620837909103176]","[297, 11, 455]","[0.36767972, 0.59647834, 0.63641506]"
85,"[428, 424, 157]","[0.3367396876785927, 0.33124096730803126, 0.3192305437360894]","[289, 315, 309]","[0.21193303, 0.473534, 0.74219805]"
86,"[424, 244, 336]","[0.364733500185396, 0.35932873649506175, 0.34924079335153674]","[57, 417, 290]","[0.43247586, 0.4521923, 2.1043768]"
87,"[86, 256, 111]","[0.2662661599575999, 0.2619028227025257, 0.2518198187352036]","[122, 491, 112]","[0.40686557, 0.596246, 1.3039491]"
88,"[126, 180, 470]","[0.46720494110899496, 0.4096443858257861, 0.3701201880020096]","[97, 339, 74]","[0.089176916, 0.6252671, 0.7736628]"
89,"[157, 128, 132]","[0.34532605575059155, 0.29402987983442025, 0.283690613826785]","[71, 6, 144]","[5.25863, 6.371252, 7.7400293]"
90,"[470, 126, 415]","[0.3573796683068822, 0.35529750212544325, 0.3533283892957107]","[345, 154, 342]","[0.341017, 0.36200017, 0.48462132]"
91,"[72, 445, 177]","[0.4137234881171145, 0.39834952670734775, 0.3842129044142219]","[21, 124, 412]","[0.1690096, 0.3817695, 0.64521766]"
92,"[79, 316, 428]","[0.30245437240251366, 0.28920122017505995, 0.28048136229374543]","[376, 493, 292]","[0.021219742, 0.6636087, 0.8959357]"
93,"[437, 142, 257]","[0.2089391940127362, 0.20792431235502254, 0.20252726505902582]","[191, 478, 421]","[0.29176685, 0.367024, 0.6348499]"
94,"[265, 393, 123]","[0.3885471102626133, 0.2900007580084098, 0.2861292391282974]","[337, 275, 76]","[0.3647107, 0.57063156, 0.5873595]"
95,"[149, 134, 251]","[0.35411913905879305, 0.29621494312913993, 0.2935977571929864]","[415, 259, 222]","[0.4888034, 0.68970025, 0.9194105]"
96,"[82, 36, 25]","[0.4770576157752518, 0.4578074273945827, 0.44062794131513044]","[283, 36, 14]","[0.13418579, 0.3697879, 0.8495768]"
97,"[110, 245, 180]","[0.3167453370127995, 0.30543241980936536, 0.29918274750271445]","[88, 339, 180]","[0.089176916, 0.4420222, 0.8901908]"
98,"[413, 446, 75]","[0.3554875129674504, 0.3429388001914359, 0.3190464594593461]","[446, 292, 92]","[0.10738066, 1.1642128, 2.72822]"
99,"[258, 429, 277]","[0.4008653639742554, 0.3887425551398042, 0.36679295875111717]","[216, 5, 436]","[0.4033117, 0.5780834, 0.75820667]"
100,"[68, 247, 264]","[0.37789357158284514, 0.356763963786862, 0.34398309574154684]","[441, 250, 412]","[0.42048717, 1.3615336, 1.6727985]"
101,"[22, 273, 80]","[0.2363078666500947, 0.21834626801584311, 0.20593649035773412]","[315, 148, 289]","[0.2405799, 0.4178424, 0.47593704]"
102,"[78, 430, 358]","[0.21986033099560495, 0.21952698684854297, 0.21451041345422886]","[223, 474, 453]","[0.1131469, 0.76167333, 0.9827522]"
103,"[128, 167, 180]","[0.4047339108601899, 0.3948797599924574, 0.3678109220488958]","[173, 143, 305]","[0.12676474, 0.27010655, 0.68005687]"
104,"[129, 167, 44]","[0.33528135600073794, 0.29398629983617075, 0.2918419809134191]","[435, 422, 413]","[0.107441, 0.39650792, 0.42347714]"
105,"[264, 389, 319]","[0.3430029169695216, 0.3247190379475779, 0.32255213727305093]","[402, 136, 47]","[0.36152568, 0.7002784, 0.7862208]"
106,"[237, 77, 422]","[0.36879402395547106, 0.3167739172358574, 0.29904401408445075]","[82, 386, 231]","[0.8107032, 1.4625654, 1.5180489]"
107,"[370, 339, 214]","[0.2524005717405617, 0.24594919361258782, 0.2367726220810199]","[298, 339, 32]","[0.29052112, 0.6019117, 1.0651044]"
108,"[136, 146, 383]","[0.3776945273147256, 0.3668272685802047, 0.3641836492267718]","[353, 253, 453]","[0.12818354, 0.24722436, 0.39133048]"
109,"[82, 184, 309]","[0.29805387944080713, 0.26929407943899225, 0.2672098713665368]","[37, 456, 134]","[0.852379, 1.8384969, 2.143663]"
110,"[254, 244, 379]","[0.4935206410024536, 0.49281310783838644, 0.46159240642954796]","[181, 266, 487]","[0.052661847, 0.29054713, 0.4437585]"
111,"[460, 150, 494]","[0.3060266830662022, 0.2843568256935018, 0.2656980377940746]","[473, 262, 221]","[0.25020176, 0.49295563, 0.51028687]"
112,"[68, 71, 399]","[0.3042945286409396, 0.27590171246684886, 0.2585772239754487]","[418, 222, 122]","[0.39998075, 0.42155495, 0.8118421]"
113,"[282, 146, 291]","[0.47211997775235587, 0.40160121725334225, 0.3803428311473327]","[291, 34, 79]","[0.13362394, 1.1412195, 1.3420669]"
114,"[258, 488, 294]","[0.36689552128808617, 0.35005625184051903, 0.3243408995751296]","[471, 72, 373]","[0.157777, 0.43467444, 0.49714607]"
115,"[393, 10, 252]","[0.1840316280151466, 0.17803351586001073, 0.17337492377129227]","[117, 334, 134]","[1.6402398, 3.3671532, 3.3722265]"
116,"[473, 412, 64]","[0.29732857855574707, 0.28985240468954776, 0.275745532996927]","[412, 250, 67]","[0.12733488, 0.17149663, 0.55937904]"
117,"[316, 457, 300]","[0.35515673978155543, 0.2668000924629637, 0.2594151694080737]","[115, 32, 307]","[1.6402398, 1.7509574, 2.0701365]"
118,"[381, 408, 228]","[0.3196089193825354, 0.25240642136411756, 0.22155359715806347]","[228, 314, 223]","[0.21213102, 0.45403942, 0.7173789]"
119,"[247, 264, 383]","[0.41999590215890265, 0.3530655828098923, 0.3489661663010024]","[247, 358, 389]","[0.3033726, 0.5981477, 0.7712456]"
120,"[250, 391, 301]","[0.3083885684226576, 0.30526584519759437, 0.27166210181219685]","[194, 28, 176]","[0.8996028, 1.1016202, 1.6946666]"
121,"[326, 218, 443]","[0.28524469897072247, 0.26077231719756283, 0.2355511382772406]","[260, 123, 486]","[0.29182133, 0.5641037, 0.57857233]"
122,"[228, 244, 183]","[0.3854071363120128, 0.3677690888446829, 0.34584472886428347]","[87, 112, 355]","[0.40686557, 0.8118421, 0.973514]"
123,"[94, 437, 370]","[0.2861292391282974, 0.27686128671032995, 0.2656087625851322]","[310, 185, 226]","[0.1370416, 0.35038233, 0.40938795]"
124,"[150, 274, 299]","[0.2918321298538557, 0.2856775438191496, 0.2842076573834417]","[21, 91, 412]","[0.22036448, 0.3817695, 0.5998347]"
125,"[383, 326, 244]","[0.3543422895615746, 0.3288891838765471, 0.3257851487581936]","[16, 12, 279]","[0.30525917, 0.35176176, 0.42440853]"
126,"[180, 189, 50]","[0.5099958984148053, 0.4901642538809892, 0.4875160207846177]","[438, 341, 470]","[0.15839267, 0.19194077, 0.46981546]"
127,"[58, 326, 365]","[0.26439332861977577, 0.2587946776798302, 0.2528351699915646]","[197, 300, 424]","[0.28475913, 0.78545076, 0.8064734]"
128,"[157, 167, 289]","[0.5733316688565998, 0.4870171136672485, 0.44771735373692273]","[17, 69, 252]","[0.20495087, 0.22864757, 0.7687555]"
129,"[390, 75, 104]","[0.48373971980768676, 0.40136270069836605, 0.33528135600073794]","[390, 75, 202]","[0.09825115, 0.24232326, 0.9095475]"
130,"[319, 146, 136]","[0.31955909879066663, 0.30978908699424507, 0.2937384449534713]","[182, 483, 170]","[0.59582543, 0.81296384, 0.81397927]"
131,"[146, 383, 47]","[0.43037541316638483, 0.42950091541502183, 0.4157080527245712]","[354, 468, 276]","[0.17515458, 0.29635352, 0.32188967]"
132,"[147, 382, 316]","[0.3827909987975659, 0.34261898361738097, 0.3232716198914603]","[147, 404, 316]","[0.23274593, 0.96859384, 1.0754682]"
133,"[487, 494, 483]","[0.45843605490030387, 0.3519338226695403, 0.32787205970799654]","[155, 204, 313]","[0.028517585, 0.21057718, 0.5781076]"
134,"[456, 447, 474]","[0.38496525992881553, 0.34165093033803173, 0.33137507665383104]","[456, 37, 109]","[0.012342225, 0.64270926, 2.143663]"
135,"[439, 86, 197]","[0.22023868284891054, 0.21926696612330132, 0.21146843347421526]","[197, 290, 232]","[0.6370958, 0.8210316, 0.89277554]"
136,"[30, 383, 146]","[0.4693142414593396, 0.4035899852195959, 0.39454817228797107]","[325, 146, 459]","[0.25000513, 0.3568835, 0.5936761]"
137,"[340, 488, 258]","[0.3475429228760172, 0.3373021395328621, 0.30575309262357736]","[199, 293, 61]","[0.7663561, 0.78677857, 0.97788626]"
138,"[326, 226, 167]","[0.4240947441673845, 0.3618993583191954, 0.35153756421392796]","[465, 185, 42]","[0.0006977407, 0.07786693, 0.08569535]"
139,"[307, 339, 474]","[0.3377738093597191, 0.3186130988673877, 0.29135405427685773]","[59, 269, 180]","[0.25120038, 0.4807722, 0.5548666]"
140,"[12, 438, 361]","[0.2893110182315765, 0.27286426423849824, 0.27205114096721555]","[3, 454, 103]","[0.15522383, 0.6636046, 0.77177083]"
141,"[183, 424, 206]","[0.396422575304528, 0.395095587478882, 0.3779535104213299]","[232, 424, 206]","[0.07772134, 0.14294076, 0.17369482]"
142,"[144, 463, 484]","[0.24048798582734163, 0.23890316985387536, 0.23189725634954103]","[477, 292, 421]","[0.45794877, 0.9389162, 1.0496997]"
143,"[417, 88, 226]","[0.2833905480196279, 0.19626136161811494, 0.19464492269837208]","[173, 103, 269]","[0.16293567, 0.27010655, 0.75227165]"
144,"[317, 411, 241]","[0.312883745326819, 0.306812154468661, 0.2729528727033886]","[55, 451, 6]","[1.0964198, 1.1119866, 1.4183407]"
145,"[244, 80, 183]","[0.5184093251899866, 0.49680991956765314, 0.47669205000479825]","[183, 211, 1]","[0.07319254, 0.30750343, 0.41261828]"
146,"[383, 347, 47]","[0.48098180842814725, 0.47349864147308945, 0.47248992049280386]","[255, 325, 136]","[0.12886655, 0.30102235, 0.3568835]"
147,"[132, 495, 393]","[0.3827909987975659, 0.3549912149426076, 0.32741962617788994]","[132, 371, 404]","[0.23274593, 0.45525154, 0.95177656]"
148,"[277, 482, 326]","[0.2709446864776421, 0.2674447008768141, 0.2613793736726697]","[101, 355, 122]","[0.4178424, 0.8659624, 0.9884181]"
149,"[96, 251, 363]","[0.41422052932984893, 0.40890577313794435, 0.39239711788399106]","[251, 332, 100]","[0.0023928073, 0.18329796, 1.8101982]"
150,"[166, 300, 88]","[0.32535528154205623, 0.31613198924389246, 0.3073874823866125]","[166, 452, 399]","[0.0016600585, 0.019784875, 0.47378305]"
151,"[444, 59, 307]","[0.3046082373236292, 0.26104488162718326, 0.2503327027652017]","[17, 69, 128]","[0.3344875, 0.7380738, 0.85692644]"
152,"[90, 350, 241]","[0.31276831118247667, 0.30119536284742005, 0.29808635725006427]","[335, 27, 286]","[0.16269484, 0.5549123, 0.7238347]"
153,"[126, 189, 180]","[0.3751773593213086, 0.3671449237986932, 0.3511863968902295]","[257, 35, 243]","[0.051387906, 0.10242632, 0.14092499]"
154,"[35, 180, 226]","[0.29481221985257117, 0.2890291726667537, 0.2800965804454905]","[345, 90, 189]","[0.28234878, 0.36200017, 0.36573744]"
155,"[14, 183, 244]","[0.4755035518387361, 0.4302701370408379, 0.41902216164411166]","[133, 204, 313]","[0.028517585, 0.15413557, 0.73368746]"
156,"[319, 377, 354]","[0.3091491320441532, 0.2964934017343724, 0.290198241283706]","[268, 299, 472]","[0.3518921, 0.40479457, 0.49623805]"
157,"[128, 167, 289]","[0.5733316688565998, 0.4327422465545529, 0.4293124898110971]","[393, 252, 444]","[0.04556766, 0.061262507, 0.23556525]"
158,"[379, 308, 223]","[0.33477563329507115, 0.32851492354915, 0.3276610960378838]","[284, 270, 301]","[0.05865606, 0.7519946, 0.86636055]"
159,"[413, 41, 486]","[0.28147477889595635, 0.23198093600476807, 0.22302216314409704]","[52, 437, 66]","[0.20926723, 0.48034847, 0.5484937]"
160,"[168, 165, 42]","[0.2687298205668633, 0.25346397752630895, 0.24778198009753652]","[287, 443, 449]","[1.0233502, 1.0733778, 1.0864074]"
161,"[44, 404, 351]","[0.37287505864687137, 0.3399985308699332, 0.2928139139132128]","[26, 352, 184]","[0.003622645, 0.16473587, 0.22186667]"
162,"[315, 331, 299]","[0.2726573862329879, 0.27116131465490717, 0.26912239552628126]","[72, 280, 171]","[0.28502584, 0.30158156, 0.63566273]"
163,"[30, 146, 68]","[0.4515775742954519, 0.3708697162434566, 0.364862870571738]","[347, 30, 56]","[0.31908303, 0.44746855, 1.2673692]"
164,"[336, 316, 198]","[0.31849241528626515, 0.27887314495976817, 0.2724061978793379]","[336, 329, 333]","[0.68669844, 0.7416386, 1.0343556]"
165,"[379, 244, 183]","[0.4593230482464799, 0.4473336054291626, 0.4469132387055194]","[49, 326, 450]","[0.08236573, 0.2204211, 0.35614598]"
166,"[470, 330, 342]","[0.3538142065779499, 0.33892638252341056, 0.3378374171731215]","[150, 452, 399]","[0.0016600585, 0.0113431765, 0.4335505]"
167,"[244, 128, 50]","[0.5395661553398069, 0.4870171136672485, 0.48669510872155325]","[12, 50, 248]","[0.020851722, 0.03345902, 0.051297985]"
168,"[433, 160, 11]","[0.3053783638045435, 0.2687298205668633, 0.2615288393735183]","[32, 395, 329]","[2.1515727, 2.8167996, 2.8318977]"
169,"[326, 167, 50]","[0.34278142626690694, 0.32445022778611315, 0.31235561759304425]","[337, 397, 304]","[0.18470186, 0.24790582, 0.90519106]"
170,"[182, 258, 175]","[0.32396982607754404, 0.288130369727502, 0.27837863589621703]","[182, 43, 130]","[0.16150068, 0.5019541, 0.81397927]"
171,"[14, 136, 448]","[0.27614090215369386, 0.2693125725887971, 0.24199383093951152]","[162, 240, 114]","[0.63566273, 0.72933304, 1.1470847]"
172,"[447, 134, 430]","[0.25840108011041124, 0.24943176682954693, 0.248316539854001]","[303, 3, 394]","[0.9927971, 1.1731012, 1.5821986]"
173,"[9, 104, 157]","[0.26382052567087305, 0.2617745419589399, 0.25902442188931707]","[103, 143, 305]","[0.12676474, 0.16293567, 0.66872084]"
174,"[241, 72, 253]","[0.31488119731487224, 0.31150828122253443, 0.30115895068952]","[46, 430, 186]","[0.2221713, 0.43590295, 0.8449083]"
175,"[455, 363, 14]","[0.40481328196945204, 0.3960662465008557, 0.36758742279089796]","[241, 327, 225]","[0.10602072, 0.5762181, 0.6399935]"
176,"[473, 460, 380]","[0.24592246018715, 0.23669439636271164, 0.23275811083560216]","[70, 33, 8]","[0.42879322, 0.64014095, 1.1319144]"
177,"[45, 91, 25]","[0.40576296545846136, 0.3842129044142219, 0.374503325229304]","[54, 320, 448]","[0.04657521, 0.3457306, 0.36701137]"
178,"[304, 289, 396]","[0.3453030249296531, 0.31722943426585754, 0.3042690071552961]","[308, 65, 367]","[0.37284023, 0.437509, 0.8150535]"
179,"[92, 208, 98]","[0.26505024801051685, 0.24482609651222256, 0.19035111868646995]","[368, 379, 428]","[0.09955629, 0.52922606, 0.5350621]"
180,"[126, 379, 50]","[0.5099958984148053, 0.44649382511365193, 0.43819060089028045]","[269, 454, 139]","[0.23401336, 0.4797501, 0.5548666]"
181,"[474, 23, 110]","[0.3420692519959698, 0.31204728773751184, 0.310992895233977]","[110, 487, 266]","[0.052661847, 0.22769912, 0.23598059]"
182,"[325, 284, 20]","[0.4168961338498942, 0.3902365302935797, 0.38005981214273543]","[170, 258, 20]","[0.16150068, 0.45412952, 0.48243272]"
183,"[244, 14, 23]","[0.6979758522995142, 0.5651969443711247, 0.5600905707630683]","[145, 1, 25]","[0.07319254, 0.20874013, 0.4880786]"
184,"[126, 188, 226]","[0.33265156442118865, 0.29773503533499496, 0.29363363147823635]","[352, 346, 462]","[0.08950152, 0.11104004, 0.122320294]"
185,"[82, 110, 456]","[0.3093031606861569, 0.2877894924570151, 0.2817174568511158]","[138, 465, 42]","[0.07786693, 0.08222616, 0.10044912]"
186,"[36, 489, 455]","[0.29003761921714555, 0.2658171818632092, 0.26469657233434485]","[321, 214, 391]","[0.12302653, 0.14368567, 0.37483025]"
187,"[39, 360, 15]","[0.28027267674233647, 0.2336238751447175, 0.230529731801472]","[403, 499, 79]","[0.29191926, 0.31008232, 0.5922875]"
188,"[184, 25, 82]","[0.29773503533499496, 0.28154796358190065, 0.28065075111992605]","[361, 38, 138]","[0.3092029, 0.3101415, 0.32489285]"
189,"[126, 167, 180]","[0.4901642538809892, 0.45113355524965787, 0.43679040676774483]","[345, 74, 498]","[0.013013114, 0.17681193, 0.1860552]"
190,"[452, 45, 183]","[0.2984603476244408, 0.2963192832388051, 0.2956899397855883]","[206, 232, 141]","[0.4466007, 0.46890596, 0.5001605]"
191,"[262, 56, 492]","[0.3093802311771748, 0.23132060833910384, 0.2228790418555052]","[93, 421, 352]","[0.29176685, 0.7548611, 1.2455556]"
192,"[289, 372, 311]","[0.24140083269105064, 0.24059419569944893, 0.2363934170621614]","[436, 216, 131]","[0.53920835, 0.68138385, 0.6961581]"
193,"[157, 494, 313]","[0.30171029689089096, 0.2709833011252445, 0.24381574903645575]","[444, 369, 157]","[0.17638424, 0.29814708, 0.4305793]"
194,"[424, 155, 457]","[0.36508550824457364, 0.3503964895316485, 0.3412342007846787]","[19, 120, 303]","[0.7062984, 0.8996028, 1.0220335]"
195,"[481, 230, 36]","[0.284410769068395, 0.2820210209549164, 0.25979887979424515]","[308, 378, 178]","[0.71003747, 1.3920401, 1.7769407]"
196,"[462, 336, 147]","[0.24963339327084277, 0.2491691135658253, 0.24158219510911774]","[407, 438, 188]","[0.34154695, 0.3593582, 0.4033366]"
197,"[129, 4, 13]","[0.3109138053711636, 0.2790148676972218, 0.2642676594061421]","[127, 424, 141]","[0.28475913, 0.43499961, 0.54028463]"
198,"[437, 128, 336]","[0.34694779719424257, 0.3314327395887991, 0.32523617108375263]","[4, 272, 239]","[0.5348047, 0.6377882, 2.9630938]"
199,"[461, 282, 40]","[0.3381703270255146, 0.3167813383246987, 0.26684914998851267]","[293, 282, 61]","[0.19094072, 0.37783137, 0.50143015]"
200,"[380, 399, 391]","[0.34461336017175315, 0.3111390486644931, 0.2913497547985983]","[442, 246, 278]","[0.07741885, 0.53305745, 0.8191056]"
201,"[10, 256, 52]","[0.39388274370102067, 0.3263415989884833, 0.3092198941321107]","[10, 238, 73]","[0.34067628, 0.6107124, 0.7003883]"
202,"[96, 447, 389]","[0.3544554456374082, 0.3388210253794058, 0.30734489872938625]","[129, 390, 75]","[0.9095475, 0.99583364, 1.776903]"
203,"[428, 5, 304]","[0.2288316415170484, 0.22433670685356363, 0.219646240898246]","[380, 60, 378]","[0.14883202, 2.202701, 2.2594657]"
204,"[301, 208, 261]","[0.3378263275503783, 0.3274607012184643, 0.27328657129333866]","[155, 133, 408]","[0.15413557, 0.21057718, 0.7158618]"
205,"[443, 128, 379]","[0.29882976811739176, 0.2988056901199933, 0.29718289016352106]","[238, 435, 443]","[0.31711274, 0.5548688, 0.5551481]"
206,"[1, 222, 467]","[0.4758417529573216, 0.43560004228174937, 0.41357749346440836]","[232, 141, 190]","[0.020594023, 0.17369482, 0.4466007]"
207,"[274, 14, 455]","[0.2842241236157051, 0.2783147463124529, 0.2606501217957277]","[225, 220, 175]","[1.4509174, 3.2944977, 3.3597097]"
208,"[204, 296, 179]","[0.3274607012184643, 0.27579667529644963, 0.24482609651222256]","[28, 8, 111]","[0.5499227, 0.6515298, 0.70766956]"
209,"[445, 216, 452]","[0.3149523549885187, 0.29021953908156856, 0.29015865195649465]","[67, 116, 330]","[1.3298001, 1.5342433, 1.6578964]"
210,"[33, 309, 225]","[0.24594937047791532, 0.240974961416637, 0.23227386571756245]","[212, 317, 447]","[1.82825, 2.1050038, 2.1114306]"
211,"[291, 290, 355]","[0.3079553302805913, 0.2730187581103349, 0.2657819835237802]","[145, 323, 183]","[0.30750343, 0.5072421, 0.55357975]"
212,"[420, 483, 355]","[0.25829337646096856, 0.25644325456983774, 0.2399798387612991]","[33, 343, 70]","[0.5705499, 1.0333058, 1.5496597]"
213,"[80, 443, 467]","[0.30325282093026495, 0.2912315440139394, 0.2620766121885562]","[428, 0, 487]","[0.80378836, 0.80969834, 1.1790612]"
214,"[282, 110, 103]","[0.3358885283175821, 0.30346933080983063, 0.30286695698076055]","[186, 321, 8]","[0.14368567, 0.5272772, 0.5387511]"
215,"[326, 126, 50]","[0.37357568267950136, 0.37252170469520607, 0.33630510745243436]","[257, 407, 470]","[0.056716252, 0.1428568, 0.17934029]"
216,"[72, 429, 383]","[0.35334884715584697, 0.3374454729823259, 0.33346627372970333]","[288, 5, 99]","[0.1815535, 0.34038156, 0.4033117]"
217,"[373, 256, 189]","[0.3615648516938404, 0.3211063039104839, 0.31957612641587424]","[221, 312, 111]","[0.20404474, 0.58248305, 0.8096835]"
218,"[399, 340, 183]","[0.35505686896939487, 0.3370046097277037, 0.3290336093996794]","[281, 464, 16]","[0.037485242, 0.13962324, 0.3423277]"
219,"[77, 104, 440]","[0.2859243613725258, 0.2692031724563498, 0.2611192601732173]","[77, 295, 75]","[0.018562429, 0.20711984, 0.7321738]"
220,"[455, 241, 485]","[0.3569691543253463, 0.3079787703285826, 0.29813095019353386]","[137, 461, 199]","[0.9909419, 1.0009427, 1.1355772]"
221,"[230, 222, 418]","[0.25955678528092946, 0.2589031042153134, 0.2561028841286523]","[217, 111, 473]","[0.20404474, 0.51028687, 0.9913507]"
222,"[206, 379, 183]","[0.43560004228174937, 0.4254804645509589, 0.4192265694764008]","[415, 418, 112]","[0.10234126, 0.33467492, 0.42155495]"
223,"[110, 50, 277]","[0.36333569850446273, 0.3532822335014822, 0.35030481784837986]","[102, 118, 313]","[0.1131469, 0.7173789, 0.81127477]"
224,"[371, 188, 311]","[0.2921119251370104, 0.2479143843647309, 0.24764038096448726]","[437, 52, 365]","[0.018012252, 0.48236996, 0.575748]"
225,"[175, 23, 241]","[0.2902639362144331, 0.2676125084954615, 0.26008070654659254]","[175, 241, 207]","[0.6399935, 1.1781048, 1.4509174]"
226,"[126, 138, 183]","[0.3690467397440453, 0.3618993583191954, 0.3521315832796648]","[496, 123, 185]","[0.34995836, 0.40938795, 0.560843]"
227,"[27, 149, 104]","[0.3127860967705662, 0.2629783911280394, 0.25161212377403747]","[422, 49, 326]","[0.14448538, 0.33829647, 0.44620448]"
228,"[314, 122, 244]","[0.41780757244043326, 0.3854071363120128, 0.31858314690582656]","[314, 118, 309]","[0.059833847, 0.21213102, 0.6885668]"
229,"[402, 254, 132]","[0.31283414660931386, 0.31039734568642957, 0.30857137355326053]","[318, 68, 247]","[1.5132608, 1.5870689, 1.7373906]"
230,"[363, 36, 455]","[0.41176851352185756, 0.3984866848959537, 0.3717369236803005]","[2, 381, 62]","[0.013753349, 0.6508764, 0.8708543]"
231,"[431, 145, 141]","[0.3159421077909408, 0.3077286950886264, 0.30768284525381717]","[448, 82, 54]","[0.31676367, 0.58908665, 0.875612]"
232,"[282, 113, 141]","[0.2937098142622043, 0.24895832198149603, 0.2419427631890324]","[206, 141, 424]","[0.020594023, 0.07772134, 0.430188]"
233,"[206, 409, 499]","[0.2715116287836209, 0.2568766832369876, 0.2304122636653858]","[202, 390, 129]","[2.6345284, 2.9595494, 3.8866038]"
234,"[445, 479, 91]","[0.29341285986355076, 0.2924170773901708, 0.27884708852119106]","[381, 340, 455]","[0.19762473, 0.39770424, 0.48282495]"
235,"[282, 364, 7]","[0.2992976752955944, 0.27937059088313154, 0.2773799943425764]","[160, 273, 423]","[1.2706008, 1.3991976, 1.4983879]"
236,"[155, 489, 110]","[0.3029112029059913, 0.3004710200907678, 0.2988278462728377]","[248, 50, 12]","[0.057180315, 0.09846097, 0.19422778]"
237,"[106, 167, 422]","[0.36879402395547106, 0.3388332850811446, 0.33284785439043746]","[449, 81, 159]","[0.6166677, 0.66204214, 0.7147604]"
238,"[24, 33, 19]","[0.27779072612071637, 0.263932917765711, 0.2523971183744309]","[205, 201, 435]","[0.31711274, 0.6107124, 0.62935054]"
239,"[65, 393, 275]","[0.24279779004686994, 0.23735520988565742, 0.23612847661803293]","[426, 444, 369]","[0.6085206, 0.7534574, 0.75733614]"
240,"[301, 320, 288]","[0.30177293205318784, 0.29193147497301697, 0.28926051920427404]","[354, 171, 276]","[0.651806, 0.72933304, 0.8589901]"
241,"[381, 399, 429]","[0.36358250377484747, 0.34614862081505543, 0.34439390377711837]","[175, 327, 21]","[0.10602072, 0.18916258, 0.9323137]"
242,"[231, 79, 347]","[0.2936399106457008, 0.2713547524998485, 0.26626130716382573]","[440, 388, 356]","[0.030166516, 1.1122525, 1.7671814]"
243,"[166, 470, 381]","[0.2251882921032563, 0.20660794260647516, 0.20644466819575427]","[35, 51, 153]","[0.01680837, 0.052962046, 0.14092499]"
244,"[183, 23, 383]","[0.6979758522995142, 0.6381878479004492, 0.6298985265784732]","[23, 377, 362]","[0.0443757, 0.07883669, 0.25151697]"
245,"[180, 110, 439]","[0.33796386347980034, 0.32131612830637163, 0.30657377192498825]","[460, 342, 399]","[0.6183369, 1.1218461, 1.3002173]"
246,"[200, 327, 448]","[0.2863627891613543, 0.2608913018249551, 0.25586546193553183]","[399, 200, 460]","[0.48886934, 0.53305745, 0.63714504]"
247,"[119, 100, 401]","[0.41999590215890265, 0.356763963786862, 0.34157110096225374]","[119, 358, 68]","[0.3033726, 0.49303466, 0.78686875]"
248,"[50, 126, 167]","[0.3490938119642664, 0.318581317643094, 0.3093605679822606]","[50, 12, 167]","[0.0068576327, 0.043227404, 0.051297985]"
249,"[363, 149, 36]","[0.3675998198673813, 0.3639411145206648, 0.35261502143814655]","[283, 363, 234]","[0.9766193, 1.2046539, 1.2525537]"
250,"[412, 479, 72]","[0.33366583205069006, 0.32414391520914376, 0.31023052839841286]","[412, 116, 91]","[0.016008103, 0.17149663, 0.7563957]"
251,"[149, 455, 282]","[0.40890577313794435, 0.4017196607699198, 0.37116629491451486]","[149, 332, 100]","[0.0023928073, 0.14623763, 1.903656]"
252,"[367, 75, 341]","[0.30840970637338055, 0.2654098669797727, 0.2588156706801359]","[393, 157, 17]","[0.026532797, 0.061262507, 0.52730393]"
253,"[399, 100, 308]","[0.3389116529961236, 0.32613881154715774, 0.3198549962158415]","[353, 453, 108]","[0.04223516, 0.21950226, 0.24722436]"
254,"[110, 244, 36]","[0.4935206410024536, 0.473263826799025, 0.45517964593642457]","[429, 383, 9]","[0.052197333, 0.23826827, 0.33116946]"
255,"[271, 347, 362]","[0.4376963592108263, 0.4244361288045139, 0.4079630975077015]","[146, 401, 325]","[0.12886655, 0.23912668, 0.34853134]"
256,"[337, 201, 217]","[0.38448475677204835, 0.3263415989884833, 0.3211063039104839]","[405, 286, 349]","[0.5601995, 1.2269446, 1.4705215]"
257,"[470, 90, 126]","[0.28602523802002383, 0.2693243708754135, 0.2599877243428232]","[153, 215, 35]","[0.051387906, 0.056716252, 0.27452058]"
258,"[20, 47, 23]","[0.5528853848675427, 0.4969299842051666, 0.4914365045242981]","[182, 20, 319]","[0.45412952, 0.47310308, 0.49023885]"
259,"[376, 328, 219]","[0.2500131872857498, 0.2281073612591938, 0.22674678064822007]","[13, 95, 281]","[0.22760376, 0.68970025, 0.97712076]"
260,"[340, 490, 25]","[0.3121716174973877, 0.3008626769756049, 0.28962561111477014]","[121, 432, 424]","[0.29182133, 0.30711615, 0.5343571]"
261,"[396, 244, 383]","[0.31022884093633246, 0.3081055712538643, 0.29999844349066457]","[396, 301, 338]","[0.5516492, 1.031814, 1.8813337]"
262,"[191, 56, 12]","[0.3093802311771748, 0.2500479040546681, 0.2487218904645936]","[387, 473, 236]","[0.19188716, 0.21633793, 0.49156195]"
263,"[175, 429, 399]","[0.3167068690335057, 0.31616576145065345, 0.3059508569007568]","[301, 385, 338]","[1.3285215, 2.1301143, 2.286237]"
264,"[282, 146, 453]","[0.41949200844327145, 0.40750836940289575, 0.3965376479507619]","[459, 414, 406]","[0.05129931, 0.14880915, 0.1502813]"
265,"[94, 393, 437]","[0.3885471102626133, 0.3689446068338919, 0.3525744572379364]","[463, 267, 447]","[1.3685813, 2.428944, 3.2837138]"
266,"[487, 183, 244]","[0.4518380989870301, 0.42653756696295914, 0.4252461634569336]","[487, 181, 110]","[0.15204246, 0.23598059, 0.29054713]"
267,"[463, 400, 372]","[0.3125962860428459, 0.27936835604737503, 0.25924535355830924]","[463, 265, 203]","[0.1656918, 2.428944, 4.3860087]"
268,"[106, 235, 245]","[0.22573680275207764, 0.21336704380524432, 0.20654433602337083]","[299, 156, 321]","[0.22846672, 0.3518921, 0.41878185]"
269,"[435, 198, 19]","[0.2289180025685368, 0.2261692689027914, 0.22583884194621925]","[180, 454, 139]","[0.23401336, 0.47576842, 0.4807722]"
270,"[450, 369, 383]","[0.23944614642233097, 0.21794641976991377, 0.2126336816681256]","[372, 158, 65]","[0.72122467, 0.7519946, 1.0853068]"
271,"[255, 24, 294]","[0.4376963592108263, 0.41744347790319675, 0.3604658029693895]","[294, 410, 389]","[0.7023753, 0.7807671, 1.9387609]"
272,"[4, 383, 180]","[0.26463645629530497, 0.2334941799810961, 0.23266659971265688]","[4, 198, 239]","[0.005031132, 0.6377882, 6.3002334]"
273,"[129, 75, 101]","[0.232051085022817, 0.2252397833422584, 0.21834626801584311]","[390, 75, 129]","[1.0218688, 1.0911102, 1.1833268]"
274,"[40, 119, 166]","[0.36343919371700917, 0.3339987936708316, 0.3288293981099894]","[72, 280, 14]","[0.39411092, 0.7053169, 0.7760938]"
275,"[324, 357, 60]","[0.34833856391835494, 0.3279826778414145, 0.2839913185737674]","[63, 372, 94]","[0.35570207, 0.4875846, 0.57063156]"
276,"[354, 167, 244]","[0.4395351548192837, 0.3892162060967011, 0.38529157373842776]","[354, 131, 240]","[0.1106875, 0.32188967, 0.8589901]"
277,"[244, 183, 289]","[0.5271323599495331, 0.5237955187119333, 0.5077108869371619]","[467, 11, 22]","[0.111578755, 0.45345455, 0.78158367]"
278,"[45, 183, 277]","[0.3414772051700117, 0.3166016618969064, 0.30993747650268505]","[312, 200, 246]","[0.40622157, 0.8191056, 0.9313187]"
279,"[138, 183, 50]","[0.25815797014933783, 0.25644086733553456, 0.25532344645759947]","[450, 66, 125]","[0.06419332, 0.16740574, 0.42440853]"
280,"[406, 358, 264]","[0.2944797395497413, 0.2508646277170333, 0.2501657414559888]","[162, 72, 274]","[0.30158156, 0.40470463, 0.7053169]"
281,"[189, 289, 58]","[0.3531858532457756, 0.3153836937017857, 0.3137207808411769]","[218, 464, 16]","[0.037485242, 0.09561203, 0.41638836]"
282,"[113, 183, 264]","[0.47211997775235587, 0.44935650649580633, 0.41949200844327145]","[293, 61, 40]","[0.06341467, 0.063687645, 0.2839464]"
283,"[14, 82, 467]","[0.4375688897839541, 0.41375328962266184, 0.40621683543832243]","[96, 455, 36]","[0.13418579, 0.60385954, 0.73929477]"
284,"[182, 381, 399]","[0.3902365302935797, 0.3169600936028108, 0.3018111427598018]","[158, 301, 270]","[0.05865606, 0.48069832, 1.2108393]"
285,"[403, 183, 14]","[0.2855649513489607, 0.2838916614174866, 0.2817697417354889]","[24, 80, 11]","[0.012395902, 0.020767521, 0.23102503]"
286,"[40, 251, 430]","[0.31259043066062836, 0.28356100544352725, 0.2760562717709719]","[335, 152, 431]","[0.22571892, 0.7238347, 1.0254128]"
287,"[238, 205, 336]","[0.2173533981531273, 0.18262352241282773, 0.18040640747295056]","[443, 201, 160]","[0.23273158, 0.9267036, 1.0233502]"
288,"[244, 383, 20]","[0.4414674131545411, 0.4408253729465541, 0.4403842924548034]","[216, 420, 5]","[0.1815535, 0.49029177, 0.53049517]"
289,"[244, 277, 383]","[0.5252297694380874, 0.5077108869371619, 0.4977954818264074]","[315, 85, 101]","[0.051882237, 0.21193303, 0.47593704]"
290,"[211, 390, 455]","[0.2730187581103349, 0.2388088506830186, 0.2295679497965356]","[135, 197, 364]","[0.8210316, 1.0963683, 1.224148]"
291,"[14, 363, 149]","[0.45457006494497115, 0.42208004577495545, 0.3808416466444311]","[113, 34, 461]","[0.13362394, 0.5005247, 1.2231594]"
292,"[44, 129, 390]","[0.3042798868123419, 0.29234800506883113, 0.2834927332668648]","[92, 142, 98]","[0.8959357, 0.9389162, 1.1642128]"
293,"[403, 282, 230]","[0.29497091242288415, 0.27291186346912766, 0.2574003535681104]","[282, 61, 199]","[0.06341467, 0.073561266, 0.19094072]"
294,"[429, 410, 80]","[0.39452678463613217, 0.3864274772403325, 0.3788309924631506]","[410, 445, 271]","[0.06039454, 0.42467344, 0.7023753]"
295,"[75, 106, 356]","[0.3004492866087504, 0.29687814234323867, 0.29642535490015254]","[219, 77, 106]","[0.20711984, 0.31241894, 1.5433074]"
296,"[208, 223, 493]","[0.27579667529644963, 0.2620797435552034, 0.23889406498733212]","[474, 418, 253]","[0.38575265, 0.82501334, 0.8437784]"
297,"[241, 183, 455]","[0.3337803189574085, 0.31784130536738525, 0.3154598599254423]","[455, 340, 84]","[0.059254922, 0.2328051, 0.36767972]"
298,"[180, 393, 437]","[0.4189757270408738, 0.35614026131554466, 0.35317624546467913]","[339, 107, 307]","[0.20900191, 0.29052112, 0.6928665]"
299,"[383, 244, 23]","[0.457390569366987, 0.4525304831982954, 0.44978983880509643]","[268, 18, 16]","[0.22846672, 0.23948455, 0.376552]"
300,"[150, 382, 323]","[0.31613198924389246, 0.2967392368097021, 0.2766288869232239]","[493, 127, 376]","[0.38162836, 0.78545076, 0.9394895]"
301,"[204, 494, 72]","[0.3378263275503783, 0.33476409674148133, 0.3048495775787098]","[284, 158, 261]","[0.48069832, 0.86636055, 1.031814]"
302,"[383, 50, 167]","[0.4279135043380986, 0.40618201597307574, 0.36395472036186205]","[466, 468, 131]","[0.03829399, 0.26214847, 0.67901474]"
303,"[157, 216, 471]","[0.30747854139272485, 0.29216283377470775, 0.2855882115724238]","[305, 103, 172]","[0.4391794, 0.98966813, 0.9927971]"
304,"[178, 487, 379]","[0.3453030249296531, 0.33845174804438743, 0.3270425093444914]","[466, 302, 169]","[0.67218214, 0.7332873, 0.90519106]"
305,"[108, 424, 167]","[0.32793804092622053, 0.3133777875318402, 0.2981822440341895]","[303, 173, 103]","[0.4391794, 0.66872084, 0.68005687]"
306,"[317, 370, 107]","[0.31471771828105993, 0.2514993371573971, 0.22956793857437094]","[317, 359, 83]","[0.0077069234, 1.0478362, 1.5693082]"
307,"[139, 490, 351]","[0.3377738093597191, 0.3346016180128748, 0.3204860708788746]","[59, 298, 334]","[0.52318084, 0.6928665, 0.7930927]"
308,"[342, 158, 418]","[0.35248700120394116, 0.32851492354915, 0.3222338695964136]","[178, 367, 195]","[0.37284023, 0.5074911, 0.71003747]"
309,"[82, 47, 109]","[0.30506905742739976, 0.2829179900755645, 0.2672098713665368]","[179, 314, 228]","[0.6201172, 0.68382096, 0.6885668]"
310,"[183, 167, 126]","[0.40956717850709135, 0.3623960891741526, 0.3586347326879385]","[123, 185, 138]","[0.1370416, 0.1378899, 0.2329673]"
311,"[492, 73, 356]","[0.2839879189693912, 0.26650327388319006, 0.2659623823019562]","[492, 356, 31]","[0.19858679, 0.47591493, 0.9413165]"
312,"[183, 26, 385]","[0.24432565411526397, 0.23792082978997783, 0.23570917057657081]","[278, 217, 370]","[0.40622157, 0.58248305, 0.73723716]"
313,"[494, 40, 483]","[0.4074982350347971, 0.37354545975553183, 0.33385744989797345]","[133, 494, 155]","[0.5781076, 0.6340252, 0.73368746]"
314,"[228, 155, 23]","[0.41780757244043326, 0.3640140321110516, 0.3207796133342062]","[228, 379, 118]","[0.059833847, 0.39775705, 0.45403942]"
315,"[79, 289, 458]","[0.3434363066244195, 0.322599623177026, 0.29316338950977844]","[289, 101, 85]","[0.051882237, 0.2405799, 0.473534]"
316,"[117, 132, 404]","[0.35515673978155543, 0.3232716198914603, 0.317843247011476]","[404, 44, 15]","[0.2226264, 0.59839267, 0.7446803]"
317,"[370, 367, 306]","[0.32809280068661045, 0.3268393123764288, 0.31471771828105993]","[306, 359, 83]","[0.0077069234, 0.91813767, 1.4241012]"
318,"[418, 14, 475]","[0.33183888752286483, 0.32659879399308056, 0.3012162030107482]","[68, 402, 358]","[0.095207945, 0.292826, 0.4768552]"
319,"[383, 377, 244]","[0.5446303346226297, 0.48362347293845165, 0.405960769299105]","[377, 23, 244]","[0.15518609, 0.26689702, 0.43945432]"
320,"[45, 183, 214]","[0.31925654776527557, 0.3019689620530496, 0.29658116283837826]","[177, 55, 54]","[0.3457306, 0.42678574, 0.5570864]"
321,"[474, 453, 82]","[0.308821379945399, 0.30683293955326146, 0.3055908834110806]","[391, 186, 268]","[0.107256286, 0.12302653, 0.41878185]"
322,"[376, 323, 289]","[0.29452067230459616, 0.29140862064392026, 0.2890700063592863]","[423, 384, 388]","[2.3105097, 2.7581935, 2.8359604]"
323,"[376, 396, 322]","[0.3154992720096646, 0.29800081154556957, 0.29140862064392026]","[331, 211, 482]","[0.18436359, 0.5072421, 0.89279526]"
324,"[275, 415, 175]","[0.34833856391835494, 0.3356810115264284, 0.2802880733396489]","[416, 374, 427]","[1.9210536, 3.0387254, 3.1036592]"
325,"[182, 146, 383]","[0.4168961338498942, 0.40717674246463686, 0.3672409787054067]","[136, 146, 255]","[0.25000513, 0.30102235, 0.34853134]"
326,"[183, 354, 424]","[0.49549533241398896, 0.47723865144412797, 0.44326627390286877]","[49, 439, 450]","[0.08603568, 0.104479834, 0.1876682]"
327,"[455, 399, 474]","[0.38030496034826605, 0.3453851671427313, 0.3362287027251738]","[241, 21, 175]","[0.18916258, 0.56725717, 0.5762181]"
328,"[313, 78, 430]","[0.2952035033182724, 0.28647303158825554, 0.27717616533866235]","[40, 55, 61]","[0.49093783, 0.7651212, 0.93300915]"
329,"[336, 444, 307]","[0.33833403902309334, 0.2881883390416325, 0.27765642381253225]","[336, 395, 164]","[0.42484415, 0.5041291, 0.7416386]"
330,"[166, 150, 5]","[0.33892638252341056, 0.2931189030050419, 0.2805780687686354]","[124, 209, 225]","[1.5092359, 1.6578964, 1.9248034]"
331,"[289, 244, 25]","[0.38915390654130166, 0.3280561989269709, 0.327760080245555]","[323, 482, 211]","[0.18436359, 0.26833647, 0.7892322]"
332,"[401, 394, 386]","[0.31625045349621334, 0.2660682200880708, 0.26562409577944696]","[251, 149, 100]","[0.14623763, 0.18329796, 3.0235858]"
333,"[351, 336, 307]","[0.4120959858124184, 0.3806696136281676, 0.2709968687446715]","[336, 462, 351]","[0.06630891, 0.18009642, 0.37916237]"
334,"[439, 299, 110]","[0.24822854396157265, 0.23724571754850124, 0.22162973947952547]","[307, 457, 59]","[0.7930927, 0.8276306, 1.4997929]"
335,"[251, 40, 461]","[0.3125895371579432, 0.28838630865455006, 0.2698758073952971]","[152, 286, 190]","[0.16269484, 0.22571892, 0.7006326]"
336,"[333, 351, 86]","[0.3806696136281676, 0.35235889279707666, 0.34924079335153674]","[333, 462, 329]","[0.06630891, 0.40542975, 0.42484415]"
337,"[256, 326, 396]","[0.38448475677204835, 0.3611319855161059, 0.3094736828866406]","[169, 94, 76]","[0.18470186, 0.3647107, 0.52223706]"
338,"[355, 474, 105]","[0.3506738960252868, 0.2808760451170779, 0.27776097732044075]","[261, 64, 56]","[1.8813337, 2.0985134, 2.2757382]"
339,"[157, 341, 139]","[0.3286520977501723, 0.3235703871967847, 0.3186130988673877]","[298, 97, 107]","[0.20900191, 0.4420222, 0.6019117]"
340,"[277, 429, 34]","[0.4464190392162508, 0.42229530319797165, 0.40329020225654433]","[297, 62, 455]","[0.2328051, 0.28835562, 0.30821955]"
341,"[189, 379, 126]","[0.4229421839576844, 0.3956891564926355, 0.3877105257553286]","[470, 126, 498]","[0.16908324, 0.19194077, 0.23085018]"
342,"[289, 308, 166]","[0.36332527254781805, 0.35248700120394116, 0.3378374171731215]","[90, 3, 140]","[0.48462132, 0.84786046, 0.9626652]"
343,"[40, 475, 366]","[0.2615200679508995, 0.23070352438251185, 0.23042317458459785]","[375, 392, 212]","[0.45457435, 0.6656017, 1.0333058]"
344,"[27, 376, 42]","[0.29932403337635344, 0.2946288031351521, 0.2568702083585419]","[27, 398, 312]","[0.5207028, 0.7521403, 0.8018385]"
345,"[222, 379, 206]","[0.319933686014196, 0.30211321322222545, 0.28163921914507356]","[189, 74, 154]","[0.013013114, 0.26719946, 0.28234878]"
346,"[298, 126, 183]","[0.31985265949807834, 0.31921760009520794, 0.3140424023223129]","[184, 352, 462]","[0.11104004, 0.23061158, 0.31564975]"
347,"[146, 255, 131]","[0.47349864147308945, 0.4244361288045139, 0.41562445976349566]","[163, 56, 30]","[0.31908303, 0.42621505, 1.3284585]"
348,"[201, 134, 447]","[0.2981853173908812, 0.26514936996290345, 0.25923263001014524]","[447, 382, 419]","[0.05369981, 0.9923124, 1.3856194]"
349,"[44, 292, 267]","[0.28645801284113753, 0.24215038766182798, 0.22955665853014065]","[73, 458, 10]","[0.3607337, 0.783254, 0.8446112]"
350,"[411, 399, 241]","[0.35849213419904596, 0.3443363761893848, 0.3412171383199953]","[411, 482, 39]","[0.50955105, 1.0711986, 1.3980888]"
351,"[333, 128, 336]","[0.4120959858124184, 0.37804519376280327, 0.35235889279707666]","[395, 490, 333]","[0.31604925, 0.37815535, 0.37916237]"
352,"[44, 83, 161]","[0.25572305226739755, 0.24678214664766296, 0.23369302929207847]","[184, 26, 161]","[0.08950152, 0.12028137, 0.16473587]"
353,"[264, 68, 200]","[0.2837240523766012, 0.28114511770335104, 0.2779861050652356]","[253, 453, 108]","[0.04223516, 0.120427035, 0.12818354]"
354,"[383, 244, 167]","[0.4996801743054701, 0.48935471607976244, 0.486355673101988]","[276, 131, 240]","[0.1106875, 0.17515458, 0.651806]"
355,"[379, 96, 183]","[0.4671173670707465, 0.42668142733726294, 0.4169434955642703]","[482, 148, 122]","[0.47544268, 0.8659624, 0.973514]"
356,"[444, 440, 295]","[0.33586140452314095, 0.3024228170041579, 0.29642535490015254]","[492, 311, 458]","[0.17031631, 0.47591493, 1.0162429]"
357,"[275, 59, 76]","[0.3279826778414145, 0.3274417119779262, 0.30639922777745326]","[366, 457, 143]","[0.14585957, 0.606708, 0.8724427]"
358,"[264, 68, 163]","[0.3667712218432377, 0.35682577103514107, 0.3142362828135337]","[68, 402, 318]","[0.15481316, 0.46561733, 0.4768552]"
359,"[157, 228, 85]","[0.31249293901974734, 0.30184783091498885, 0.2925529878529255]","[83, 382, 409]","[0.06569466, 0.34028834, 0.42212623]"
360,"[164, 390, 187]","[0.25032083128083155, 0.23451864500400688, 0.2336238751447175]","[161, 26, 462]","[0.64549893, 0.74582714, 1.0694402]"
361,"[140, 86, 276]","[0.27205114096721555, 0.2523725988296831, 0.2325553489036234]","[53, 188, 477]","[0.23539977, 0.3092029, 0.4428934]"
362,"[383, 23, 47]","[0.4944618182443202, 0.4306016495029392, 0.4154593570876715]","[488, 244, 475]","[0.24663723, 0.25151697, 0.3101945]"
363,"[36, 14, 455]","[0.5694604331716472, 0.5128299325130498, 0.4919110912134849]","[36, 14, 96]","[0.30003342, 0.5187388, 1.1427991]"
364,"[235, 197, 161]","[0.27937059088313154, 0.246662392949306, 0.2433726547460434]","[135, 290, 416]","[0.9725357, 1.224148, 1.5522267]"
365,"[183, 244, 165]","[0.4054965169992582, 0.36754495721883, 0.35987637142313006]","[439, 422, 326]","[0.17127578, 0.3500745, 0.49161723]"
366,"[357, 228, 86]","[0.28566389548443033, 0.284812918805809, 0.2781021128852702]","[357, 457, 69]","[0.14585957, 0.6941616, 1.0119938]"
367,"[317, 252, 388]","[0.3268393123764288, 0.30840970637338055, 0.29990622140113915]","[308, 178, 65]","[0.5074911, 0.8150535, 0.88838434]"
368,"[465, 355, 467]","[0.291467265402414, 0.28441397305651966, 0.27703632527258676]","[179, 379, 76]","[0.09955629, 0.18661126, 0.2912904]"
369,"[444, 261, 215]","[0.2382005270205103, 0.23683792223909514, 0.23538455323444038]","[193, 444, 239]","[0.29814708, 0.71528673, 0.75733614]"
370,"[317, 237, 310]","[0.32809280068661045, 0.2865693061969095, 0.28452928712557113]","[413, 104, 312]","[0.017018137, 0.45678002, 0.73723716]"
371,"[393, 404, 224]","[0.3332145939559632, 0.295065267698648, 0.2921119251370104]","[147, 44, 495]","[0.45525154, 1.0670637, 1.0788857]"
372,"[383, 254, 23]","[0.3943891265427957, 0.39077633557331, 0.35594891095397996]","[65, 275, 270]","[0.18647435, 0.4875846, 0.72122467]"
373,"[23, 14, 183]","[0.5606674849146914, 0.5245398789100215, 0.5210722930366263]","[406, 264, 114]","[0.43468747, 0.43564537, 0.49714607]"
374,"[132, 69, 128]","[0.2857074140053791, 0.27492010392603233, 0.26608330633767885]","[458, 356, 440]","[1.2506635, 1.5780838, 1.8366467]"
375,"[378, 23, 372]","[0.2712124520229762, 0.2684424054562747, 0.2611589953777351]","[343, 60, 392]","[0.45457435, 0.89577264, 1.2834525]"
376,"[323, 53, 344]","[0.3154992720096646, 0.3132289814455366, 0.2946288031351521]","[92, 493, 300]","[0.021219742, 0.6695139, 0.9394895]"
377,"[319, 383, 244]","[0.48362347293845165, 0.4160415200686391, 0.39161241287962284]","[23, 244, 319]","[0.017164713, 0.07883669, 0.15518609]"
378,"[483, 488, 381]","[0.38422781515746895, 0.3178252432234909, 0.3150430107488014]","[408, 60, 367]","[0.44105253, 0.67679954, 1.2732928]"
379,"[244, 23, 183]","[0.5382811050569346, 0.49141947496630034, 0.49076810830568324]","[76, 368, 314]","[0.12004777, 0.18661126, 0.39775705]"
380,"[473, 200, 277]","[0.34540033843559903, 0.34461336017175315, 0.3123239466901311]","[203, 60, 378]","[0.14883202, 1.2284521, 1.5631919]"
381,"[429, 241, 23]","[0.3909984210794207, 0.36358250377484747, 0.3533906374499409]","[234, 62, 340]","[0.19762473, 0.30999136, 0.4110867]"
382,"[132, 167, 393]","[0.34261898361738097, 0.3281511120383675, 0.3169564513711778]","[359, 83, 497]","[0.34028834, 0.3477544, 0.76952416]"
383,"[244, 23, 47]","[0.6298985265784732, 0.5869225550746858, 0.5787381143616727]","[9, 475, 254]","[0.008363216, 0.122855216, 0.23826827]"
384,"[471, 436, 473]","[0.2670152114551943, 0.24211482378677993, 0.23623740785498748]","[423, 235, 322]","[1.9078772, 2.0959587, 2.7581935]"
385,"[174, 109, 65]","[0.27403584681090887, 0.2564945839567637, 0.24536288164667894]","[270, 158, 263]","[1.8029758, 2.105274, 2.1301143]"
386,"[376, 332, 323]","[0.2860108426306806, 0.26562409577944696, 0.2609239740670413]","[448, 320, 231]","[0.77340406, 1.02233, 1.2257309]"
387,"[399, 308, 68]","[0.28546241938342914, 0.2660806705963193, 0.24832088028743013]","[262, 236, 8]","[0.19188716, 0.47814038, 0.5911301]"
388,"[367, 340, 218]","[0.29990622140113915, 0.2657908740090921, 0.2657193839232018]","[440, 242, 356]","[0.97308755, 1.1122525, 2.3997772]"
389,"[105, 36, 448]","[0.3247190379475779, 0.3236079612551795, 0.3167529060017304]","[401, 119, 255]","[0.43516397, 0.7712456, 1.2101257]"
390,"[129, 75, 292]","[0.48373971980768676, 0.29823215172600437, 0.2834927332668648]","[129, 75, 202]","[0.09825115, 0.57492983, 0.99583364]"
391,"[50, 183, 126]","[0.4244116735312604, 0.42327077763225485, 0.41991745045117607]","[321, 167, 248]","[0.107256286, 0.1490172, 0.20959081]"
392,"[95, 149, 251]","[0.2877163895084745, 0.2706162840877817, 0.24028186107895003]","[494, 343, 46]","[0.25751, 0.6656017, 1.0384324]"
393,"[265, 298, 17]","[0.3689446068338919, 0.35614026131554466, 0.34650020514188834]","[252, 157, 444]","[0.026532797, 0.04556766, 0.4391666]"
394,"[460, 332, 282]","[0.28222620830206474, 0.2660682200880708, 0.23087053705496494]","[460, 246, 442]","[0.62416685, 0.98880124, 1.065337]"
395,"[161, 336, 17]","[0.2467470561610213, 0.20782889413913766, 0.20773311065255542]","[351, 329, 336]","[0.31604925, 0.5041291, 0.6259536]"
396,"[289, 288, 128]","[0.44490701181010855, 0.3668735663230918, 0.33940207086202023]","[261, 436, 304]","[0.5516492, 1.0662044, 1.3561426]"
397,"[249, 365, 439]","[0.319484874667873, 0.27675360159810575, 0.2652109272353415]","[169, 337, 428]","[0.24790582, 0.78891736, 0.99224395]"
398,"[185, 370, 251]","[0.25626849288814646, 0.2526611391509639, 0.25031775424170477]","[431, 344, 349]","[0.53342783, 0.7521403, 1.2668768]"
399,"[126, 391, 383]","[0.41071752193222144, 0.38074197381703767, 0.376663033000283]","[29, 452, 460]","[0.16604416, 0.3052675, 0.3216383]"
400,"[451, 403, 267]","[0.30695142013651683, 0.2890777524674197, 0.27936835604737503]","[467, 187, 411]","[0.7039317, 0.8318523, 0.99250865]"
401,"[247, 332, 78]","[0.34157110096225374, 0.31625045349621334, 0.2976311756990142]","[255, 389, 146]","[0.23912668, 0.43516397, 0.7177935]"
402,"[47, 183, 110]","[0.3979943315441299, 0.3954447284139481, 0.39227966489369476]","[318, 68, 47]","[0.292826, 0.31701607, 0.3419842]"
403,"[282, 277, 24]","[0.382531397134447, 0.3538854388904298, 0.3537300133945405]","[24, 79, 285]","[0.15376046, 0.19584554, 0.25166982]"
404,"[161, 316, 493]","[0.3399985308699332, 0.317843247011476, 0.3174719623424874]","[44, 15, 316]","[0.13458034, 0.22053432, 0.2226264]"
405,"[492, 396, 409]","[0.2895852511232347, 0.28254891188860726, 0.2760296712759971]","[256, 416, 286]","[0.5601995, 1.001541, 2.11634]"
406,"[68, 469, 280]","[0.3136824775408387, 0.29739393737143466, 0.2944797395497413]","[264, 459, 373]","[0.1502813, 0.26421785, 0.43468747]"
407,"[126, 50, 289]","[0.37995970808356794, 0.3769508912084258, 0.37198662718709663]","[215, 438, 196]","[0.1428568, 0.16203351, 0.34154695]"
408,"[483, 381, 494]","[0.33065714861649426, 0.30353352564533614, 0.2849113774600758]","[60, 378, 204]","[0.43550104, 0.44105253, 0.7158618]"
409,"[405, 83, 492]","[0.2760296712759971, 0.2644550479406187, 0.26373802496723003]","[83, 359, 19]","[0.17593816, 0.42212623, 0.6711094]"
410,"[294, 24, 14]","[0.3864274772403325, 0.37440288318034565, 0.372842054152365]","[294, 445, 271]","[0.06039454, 0.2685709, 0.7807671]"
411,"[399, 350, 484]","[0.3734877079539117, 0.35849213419904596, 0.3342317306161675]","[350, 400, 266]","[0.50955105, 0.99250865, 1.7089782]"
412,"[72, 399, 264]","[0.3801033668387695, 0.369133208700459, 0.3431515708981776]","[250, 116, 124]","[0.016008103, 0.12733488, 0.5998347]"
413,"[145, 141, 96]","[0.379549782505788, 0.37162424225652035, 0.36759369535554187]","[370, 104, 435]","[0.017018137, 0.42347714, 0.79315484]"
414,"[47, 383, 254]","[0.3904994313861126, 0.37128867722077485, 0.36314017705916174]","[264, 459, 429]","[0.14880915, 0.20123199, 0.39932227]"
415,"[90, 324, 21]","[0.3533283892957107, 0.3356810115264284, 0.2878419121280185]","[222, 95, 418]","[0.10234126, 0.4888034, 0.7657734]"
416,"[399, 175, 327]","[0.2906800217527363, 0.27302964165289323, 0.2664521297638703]","[405, 364, 324]","[1.001541, 1.5522267, 1.9210536]"
417,"[143, 336, 495]","[0.2833905480196279, 0.25325363801189593, 0.24465802549435076]","[57, 86, 427]","[0.076720335, 0.4521923, 4.221714]"
418,"[14, 318, 363]","[0.34186490588762797, 0.33183888752286483, 0.327751445028053]","[222, 112, 433]","[0.33467492, 0.39998075, 0.43487567]"
419,"[140, 5, 267]","[0.22165413682376653, 0.21837786043541138, 0.21238069340977137]","[426, 239, 497]","[0.2780727, 1.0424773, 1.067554]"
420,"[383, 180, 14]","[0.38002948637837647, 0.3355184884588828, 0.3344681198728045]","[9, 383, 475]","[0.2718598, 0.36280572, 0.36824727]"
421,"[365, 214, 416]","[0.28671261251297464, 0.24241446858306656, 0.23693690563935768]","[477, 38, 93]","[0.18554084, 0.21615818, 0.6348499]"
422,"[167, 189, 244]","[0.4002200891793573, 0.3731240075212214, 0.35148251481824416]","[227, 365, 104]","[0.14448538, 0.3500745, 0.39650792]"
423,"[453, 28, 72]","[0.2767548129619955, 0.22723145763829797, 0.22449566130497248]","[31, 235, 384]","[1.3334925, 1.4983879, 1.9078772]"
424,"[183, 244, 145]","[0.5033559433989154, 0.48604308736903645, 0.45266749176304266]","[141, 232, 197]","[0.14294076, 0.430188, 0.43499961]"
425,"[411, 45, 36]","[0.229026476874173, 0.22791072089906259, 0.22759877589333652]","[5, 483, 488]","[0.17835803, 0.66959584, 0.84044427]"
426,"[404, 157, 69]","[0.3104508446780602, 0.30887460650789383, 0.29423176473945767]","[419, 444, 239]","[0.2780727, 0.41709816, 0.6085206]"
427,"[127, 222, 419]","[0.22691094684372617, 0.210202883589972, 0.20421201864596586]","[416, 364, 324]","[2.1138258, 2.4338615, 3.1036592]"
428,"[379, 85, 244]","[0.3657893253877229, 0.3367396876785927, 0.3232360244240435]","[179, 213, 397]","[0.5350621, 0.80378836, 0.99224395]"
429,"[277, 471, 72]","[0.475182416621781, 0.4656946640637057, 0.44264278509677196]","[254, 414, 383]","[0.052197333, 0.39932227, 0.46605936]"
430,"[313, 152, 328]","[0.30026412898165566, 0.2965355322747511, 0.27717616533866235]","[174, 46, 156]","[0.43590295, 0.64612293, 0.722887]"
431,"[399, 231, 277]","[0.316311461979861, 0.3159421077909408, 0.3011870529745157]","[398, 27, 286]","[0.53342783, 0.9880406, 1.0254128]"
432,"[61, 222, 75]","[0.24349826112871634, 0.23732685036993054, 0.23530305532247717]","[260, 424, 48]","[0.30711615, 0.5548171, 0.7664385]"
433,"[168, 411, 251]","[0.3053783638045435, 0.300545170344851, 0.29833878961160726]","[418, 472, 222]","[0.43487567, 0.55296576, 0.6276128]"
434,"[113, 403, 439]","[0.3077220699237679, 0.304492270662591, 0.28412797275181406]","[22, 277, 280]","[0.27843037, 0.8340493, 0.8654868]"
435,"[77, 167, 407]","[0.32988377320276374, 0.30376892088329227, 0.2843577162179298]","[104, 205, 238]","[0.107441, 0.5548688, 0.62935054]"
436,"[471, 399, 84]","[0.35311792408128273, 0.31070757985660297, 0.3067845351714244]","[192, 99, 468]","[0.53920835, 0.75820667, 0.85671157]"
437,"[167, 379, 244]","[0.43226743277253066, 0.3629370339095345, 0.3538004791058575]","[224, 52, 159]","[0.018012252, 0.38534838, 0.48034847]"
438,"[326, 206, 50]","[0.34298459986379654, 0.3033709546566444, 0.27734942190907347]","[126, 407, 196]","[0.15839267, 0.16203351, 0.3593582]"
439,"[128, 183, 424]","[0.35495424795206754, 0.3439816913411497, 0.33248504623483527]","[326, 365, 450]","[0.104479834, 0.17127578, 0.2633676]"
440,"[356, 167, 295]","[0.3024228170041579, 0.2976591780232754, 0.27720604731879495]","[242, 388, 356]","[0.030166516, 0.97308755, 1.3573819]"
441,"[40, 250, 113]","[0.3458367293784988, 0.26445358792283263, 0.25565731774477607]","[100, 250, 412]","[0.42048717, 0.8766407, 1.0886719]"
442,"[452, 281, 88]","[0.30868565908446416, 0.3065458510372314, 0.28618006251918665]","[200, 246, 28]","[0.07741885, 0.9312448, 0.93134624]"
443,"[205, 213, 326]","[0.29882976811739176, 0.2912315440139394, 0.2796122337989412]","[287, 205, 238]","[0.23273158, 0.5551481, 0.8495314]"
444,"[180, 76, 103]","[0.3525299196706486, 0.3451767154875662, 0.3365678517101062]","[193, 157, 426]","[0.17638424, 0.23556525, 0.41709816]"
445,"[91, 251, 254]","[0.39834952670734775, 0.3611515381036017, 0.3295549109918601]","[479, 410, 294]","[0.2325845, 0.2685709, 0.42467344]"
446,"[98, 447, 36]","[0.3429388001914359, 0.28763155885052727, 0.2719446813684472]","[98, 292, 92]","[0.10738066, 1.9648516, 3.6121566]"
447,"[134, 202, 446]","[0.34165093033803173, 0.3388210253794058, 0.28763155885052727]","[348, 382, 419]","[0.05369981, 1.4262197, 1.7917157]"
448,"[277, 389, 82]","[0.3632409680746987, 0.3167529060017304, 0.31488782218679084]","[54, 231, 177]","[0.19045547, 0.31676367, 0.36701137]"
449,"[82, 202, 455]","[0.2914797192121465, 0.28992404272732836, 0.2815060618769398]","[237, 41, 160]","[0.6166677, 0.7443275, 1.0864074]"
450,"[167, 244, 165]","[0.402470341430208, 0.40211766304855434, 0.399195409492008]","[279, 326, 439]","[0.06419332, 0.1876682, 0.2633676]"
451,"[400, 381, 463]","[0.30695142013651683, 0.2638352205021635, 0.2584600014106914]","[144, 386, 55]","[1.1119866, 1.9643987, 2.232537]"
452,"[183, 155, 126]","[0.3638312132183188, 0.34657985737239466, 0.3441053428396526]","[166, 150, 399]","[0.0113431765, 0.019784875, 0.3052675]"
453,"[264, 474, 399]","[0.3965376479507619, 0.36769369633252036, 0.3646827322038648]","[353, 253, 108]","[0.120427035, 0.21950226, 0.39133048]"
454,"[189, 126, 167]","[0.35470434417657143, 0.3394307760097955, 0.3208510149010733]","[269, 180, 140]","[0.47576842, 0.4797501, 0.6636046]"
455,"[14, 363, 36]","[0.5316908209202533, 0.4919110912134849, 0.47547888556686474]","[297, 340, 234]","[0.059254922, 0.30821955, 0.48282495]"
456,"[134, 251, 185]","[0.38496525992881553, 0.30425083796540814, 0.2817174568511158]","[134, 37, 109]","[0.012342225, 0.48983714, 1.8384969]"
457,"[128, 194, 77]","[0.3414721598757216, 0.3412342007846787, 0.33415632127202866]","[357, 366, 334]","[0.606708, 0.6941616, 0.8276306]"
458,"[315, 86, 51]","[0.29316338950977844, 0.2628679241930214, 0.2434201590878644]","[492, 349, 356]","[0.61324346, 0.783254, 1.0162429]"
459,"[47, 383, 347]","[0.5122242894621664, 0.4388440795421579, 0.3774190065184984]","[264, 414, 406]","[0.05129931, 0.20123199, 0.26421785]"
460,"[289, 281, 111]","[0.32839605045213477, 0.3092814949340909, 0.3060266830662022]","[399, 245, 394]","[0.3216383, 0.6183369, 0.62416685]"
461,"[199, 146, 282]","[0.3381703270255146, 0.33146581802733105, 0.32528075771359827]","[199, 220, 291]","[0.7148311, 1.0009427, 1.2231594]"
462,"[310, 196, 126]","[0.25399415537261777, 0.24963339327084277, 0.23752658464538068]","[184, 333, 346]","[0.122320294, 0.18009642, 0.31564975]"
463,"[267, 132, 437]","[0.3125962860428459, 0.3040746282712854, 0.28467828024963276]","[267, 265, 203]","[0.1656918, 1.3685813, 3.3278375]"
464,"[454, 189, 50]","[0.2943994315938073, 0.29257670889256177, 0.2759667447646507]","[281, 218, 16]","[0.09561203, 0.13962324, 0.16515492]"
465,"[450, 167, 424]","[0.33588436660298865, 0.33357553418138325, 0.32331018752148705]","[138, 42, 185]","[0.0006977407, 0.074059315, 0.08222616]"
466,"[391, 289, 288]","[0.3650073360629234, 0.3556890494477625, 0.34374812793933057]","[302, 468, 131]","[0.03829399, 0.104776174, 0.521553]"
467,"[14, 244, 82]","[0.47362628741834456, 0.43088567612574064, 0.4224822025193678]","[277, 11, 80]","[0.111578755, 0.33412915, 0.44957536]"
468,"[244, 289, 379]","[0.3435513608563782, 0.3426089815262479, 0.33047323778961996]","[466, 302, 131]","[0.104776174, 0.26214847, 0.29635352]"
469,"[319, 47, 414]","[0.3611815852207856, 0.31586488028334186, 0.30662279620492994]","[43, 480, 47]","[0.19102749, 0.21760719, 0.35831386]"
470,"[88, 90, 166]","[0.3701201880020096, 0.3573796683068822, 0.3538142065779499]","[341, 215, 257]","[0.16908324, 0.17934029, 0.30441096]"
471,"[429, 72, 277]","[0.4656946640637057, 0.44104404614588244, 0.4250190322627441]","[114, 429, 254]","[0.157777, 0.51100314, 0.7332084]"
472,"[163, 131, 474]","[0.35156475090571565, 0.34771361868778494, 0.32484296992175715]","[156, 433, 253]","[0.49623805, 0.55296576, 0.7882164]"
473,"[99, 380, 399]","[0.3504785465536659, 0.34540033843559903, 0.30547968265077713]","[262, 111, 49]","[0.21633793, 0.25020176, 0.5371711]"
474,"[244, 82, 183]","[0.4362502291104398, 0.42265323900818813, 0.4136741998417939]","[296, 453, 102]","[0.38575265, 0.69418156, 0.76167333]"
475,"[489, 247, 14]","[0.34730394589100994, 0.33586801986675835, 0.33167403740572476]","[9, 383, 362]","[0.08849038, 0.122855216, 0.3101945]"
476,"[74, 456, 120]","[0.24516060325002162, 0.22917631559611343, 0.21279942729615095]","[195, 178, 270]","[2.4801316, 2.594534, 2.8436425]"
477,"[365, 38, 493]","[0.22903404632698457, 0.2279482039643185, 0.22573270200901127]","[421, 38, 361]","[0.18554084, 0.2963764, 0.4428934]"
478,"[59, 180, 317]","[0.2775128009079804, 0.2682487178402781, 0.26665051931060535]","[407, 93, 215]","[0.3457415, 0.367024, 0.41428003]"
479,"[250, 264, 234]","[0.32414391520914376, 0.3194111567146523, 0.2924170773901708]","[445, 485, 410]","[0.2325845, 0.6414609, 0.8387793]"
480,"[22, 146, 64]","[0.27946141646615524, 0.2738144913372878, 0.2691910855858151]","[469, 43, 318]","[0.21760719, 0.40219536, 0.7266147]"
481,"[487, 155, 217]","[0.31646315215399773, 0.2951165169981873, 0.2942796154551053]","[409, 128, 19]","[0.7905818, 0.81299484, 0.81576186]"
482,"[80, 148, 355]","[0.29216883572578606, 0.2674447008768141, 0.2666966366971428]","[331, 355, 323]","[0.26833647, 0.47544268, 0.89279526]"
483,"[40, 378, 494]","[0.391644893977245, 0.38422781515746895, 0.3828830172430138]","[425, 130, 488]","[0.66959584, 0.81296384, 1.3280612]"
484,"[206, 411, 399]","[0.36252186412140014, 0.3342317306161675, 0.2970243973812087]","[7, 34, 282]","[0.13006933, 0.53871524, 0.6651666]"
485,"[80, 489, 14]","[0.32086532369050086, 0.31853368539462457, 0.31751174617205685]","[479, 14, 274]","[0.6414609, 0.6616401, 0.96471643]"
486,"[26, 326, 434]","[0.27810689916082604, 0.25084331565367474, 0.24787427840710832]","[310, 123, 121]","[0.4651322, 0.47566658, 0.57857233]"
487,"[244, 14, 183]","[0.5143041640991167, 0.5068817629614629, 0.5004657899013785]","[266, 181, 110]","[0.15204246, 0.22769912, 0.4437585]"
488,"[258, 23, 244]","[0.49035124114150314, 0.4882683738631728, 0.44306468977425856]","[362, 23, 258]","[0.24663723, 0.5747789, 0.67671955]"
489,"[146, 363, 36]","[0.45790216496769426, 0.41126373544608685, 0.3880339370395592]","[78, 434, 277]","[0.0018093556, 1.2770267, 1.4055027]"
490,"[307, 128, 126]","[0.3346016180128748, 0.33452229345502954, 0.32913073167329876]","[351, 51, 243]","[0.37815535, 0.6605716, 0.7944504]"
491,"[122, 354, 471]","[0.3077397157815191, 0.302789759774458, 0.29792745810374005]","[87, 82, 106]","[0.596246, 0.67842525, 1.630542]"
492,"[128, 73, 42]","[0.3719313621931238, 0.35845435044382506, 0.3481047366876318]","[356, 311, 458]","[0.17031631, 0.19858679, 0.61324346]"
493,"[404, 4, 197]","[0.3174719623424874, 0.2554918521000362, 0.25456945380906865]","[300, 53, 92]","[0.38162836, 0.4299633, 0.6636087]"
494,"[313, 40, 483]","[0.4074982350347971, 0.38416983824794554, 0.3828830172430138]","[392, 313, 343]","[0.25751, 0.6340252, 1.3077574]"
495,"[147, 444, 490]","[0.3549912149426076, 0.281828224245189, 0.27241470852558347]","[371, 147, 132]","[1.0788857, 1.0919278, 2.0406928]"
496,"[110, 180, 82]","[0.33044358053012685, 0.317985225235535, 0.3157019543803002]","[42, 185, 226]","[0.16439101, 0.19438869, 0.34995836]"
497,"[122, 356, 157]","[0.29122174344309587, 0.27480735007641127, 0.27367197588125886]","[382, 409, 83]","[0.76952416, 0.8867144, 0.93768144]"
498,"[241, 180, 126]","[0.3442984404019622, 0.32508447599654006, 0.317553810295328]","[74, 189, 341]","[0.1285187, 0.1860552, 0.23085018]"
499,"[403, 424, 24]","[0.3333760509810195, 0.3290733386746705, 0.32161901431315765]","[39, 187, 45]","[0.07890859, 0.31008232, 0.5613833]"
