0,"[365, 51, 82]","[0.6891245098859079, 0.6353177310331323, 0.6298825126326691]","[139, 228, 396]","[27.576763, 46.26658, 46.98487]"
1,"[127, 176, 4]","[0.8315727978430861, 0.7985226992163117, 0.7523094835362188]","[176, 350, 145]","[0.058764674, 0.72469497, 5.728416]"
2,"[311, 455, 143]","[0.8014107358437226, 0.7956482780552101, 0.7820020898905592]","[455, 317, 391]","[0.65658027, 1.1132222, 1.9881226]"
3,"[310, 73, 442]","[0.7221413733058502, 0.6876703555279116, 0.6746874260413405]","[73, 310, 487]","[2.4026608, 2.6639137, 2.8366344]"
4,"[127, 1, 270]","[0.7568057117889444, 0.7523094835362188, 0.7499803498772221]","[205, 395, 145]","[0.49183452, 2.8941934, 6.596329]"
5,"[46, 349, 355]","[0.7700307459037022, 0.7125362081213391, 0.7092080389522553]","[46, 491, 95]","[0.090533614, 1.5830402, 4.0718064]"
6,"[40, 401, 378]","[0.7841750367510816, 0.718708400006763, 0.7111566616790038]","[40, 410, 71]","[0.005914533, 7.797268, 9.73634]"
7,"[416, 108, 238]","[0.7636211579246499, 0.743330416107691, 0.739864244538804]","[416, 238, 108]","[1.1825328, 1.9126295, 2.2001386]"
8,"[193, 493, 394]","[0.722010046399409, 0.7160443642509683, 0.6994209422124877]","[193, 131, 297]","[0.7477935, 1.9099331, 2.049193]"
9,"[447, 255, 475]","[0.9029612047789204, 0.8843921113166111, 0.8838079845489758]","[447, 339, 99]","[0.7875511, 1.6485565, 2.2642233]"
10,"[154, 440, 175]","[0.8008566682402938, 0.7911925926745029, 0.7707688112164306]","[440, 154, 287]","[0.6125463, 0.7348487, 2.018673]"
11,"[55, 344, 496]","[0.9393325716131693, 0.9196066486678693, 0.9094559145639775]","[344, 55, 377]","[0.51675063, 0.91884154, 1.2124212]"
12,"[37, 371, 442]","[0.6966628734627313, 0.6863247358013443, 0.6719330283215366]","[37, 371, 442]","[1.4865922, 2.3407733, 2.7825603]"
13,"[380, 154, 287]","[0.7167733149079305, 0.7093555942396922, 0.6993625343300156]","[82, 286, 122]","[16.093712, 18.923435, 21.052872]"
14,"[111, 33, 313]","[0.741872552754691, 0.7205615036945773, 0.7004958902842492]","[111, 490, 354]","[1.149104, 3.8514712, 4.2969456]"
15,"[323, 97, 161]","[0.9138107367110493, 0.892358750184669, 0.8913262708392915]","[323, 482, 141]","[0.8092071, 1.6544912, 2.344999]"
16,"[234, 249, 11]","[0.9101543249801978, 0.8993354425884215, 0.8982517840817034]","[402, 344, 257]","[1.12326, 2.1008782, 2.9040134]"
17,"[371, 483, 30]","[0.686218711395788, 0.686004316049904, 0.6786447142012121]","[190, 351, 371]","[1.4081504, 1.5428467, 3.5118365]"
18,"[178, 96, 44]","[0.8400305599649275, 0.8211830296204098, 0.8193062013134684]","[96, 216, 272]","[0.579563, 1.1137837, 1.4871519]"
19,"[427, 100, 72]","[0.7376108891532558, 0.7009053945608993, 0.6956884384925334]","[427, 100, 298]","[0.3637199, 0.61254054, 0.8588439]"
20,"[313, 33, 186]","[0.7676217877205105, 0.7496894393816644, 0.7453889148257182]","[313, 186, 199]","[0.7132464, 0.97813475, 2.8254724]"
21,"[248, 116, 242]","[0.7352807118229041, 0.7293155898122391, 0.7145432397086184]","[390, 65, 231]","[0.7562824, 2.6324763, 5.5024834]"
22,"[185, 261, 343]","[0.7021192128113264, 0.7017780193165386, 0.6310250005318233]","[261, 453, 185]","[0.19100796, 0.9519836, 5.38111]"
23,"[144, 93, 89]","[0.7030160102834759, 0.6958797623474531, 0.6926612557417097]","[144, 93, 252]","[1.6160575, 5.8843575, 9.747197]"
24,"[386, 182, 136]","[0.7107015410811799, 0.7093555998203619, 0.6866654903624475]","[221, 109, 136]","[0.94307834, 1.4419289, 4.345726]"
25,"[256, 134, 431]","[0.7785156019377002, 0.7532398659680488, 0.7360574974549113]","[431, 269, 353]","[0.8077186, 3.447906, 5.851718]"
26,"[443, 306, 151]","[0.6308736802242404, 0.6255819042147194, 0.6242235894732557]","[443, 217, 64]","[4.543381, 5.9325557, 8.315074]"
27,"[194, 53, 117]","[0.7398737504242944, 0.7023621929589415, 0.6867819207414818]","[9, 99, 172]","[4.205271, 4.924448, 5.748246]"
28,"[292, 24, 29]","[0.6186379028281238, 0.5920533167067946, 0.5844609666771924]","[283, 219, 357]","[0.6518756, 11.76606, 15.861792]"
29,"[271, 24, 95]","[0.665652990930702, 0.6563924265677556, 0.6533192704338866]","[292, 177, 460]","[1.1375692, 2.2033246, 9.055924]"
30,"[280, 200, 397]","[0.7761073364000002, 0.7405381819904459, 0.7253988494853397]","[280, 240, 200]","[0.11065462, 3.5475893, 3.7098207]"
31,"[198, 84, 69]","[0.6846908541445772, 0.6417369514949792, 0.6216015739710031]","[69, 335, 84]","[0.1284731, 3.1436944, 8.441946]"
32,"[352, 438, 363]","[0.7680817084707183, 0.7657660141926742, 0.7222071539695396]","[438, 363, 352]","[0.90951586, 1.2838843, 1.9005653]"
33,"[313, 435, 355]","[0.8329398228812604, 0.8301755847619374, 0.7868243845483605]","[435, 132, 454]","[0.9029333, 1.3452107, 2.293509]"
34,"[490, 220, 339]","[0.750294702216225, 0.7416673605177782, 0.7385362466221611]","[257, 153, 402]","[4.4931283, 6.772889, 6.8708377]"
35,"[438, 67, 110]","[0.6554205917698267, 0.6336451814862715, 0.6299498652097688]","[489, 101, 384]","[0.54775244, 2.2597969, 2.8930562]"
36,"[267, 425, 46]","[0.7386716738678583, 0.7107310308384915, 0.6980462580326071]","[425, 182, 422]","[0.0773688, 1.3771858, 5.8033752]"
37,"[12, 442, 291]","[0.6966628734627313, 0.6691524179720988, 0.6679511812149307]","[12, 442, 371]","[1.4865922, 5.0485387, 6.3133225]"
38,"[343, 261, 49]","[0.7505713640881007, 0.6879233142000459, 0.6374037988428866]","[343, 185, 261]","[0.016663052, 1.2594062, 8.819698]"
39,"[485, 215, 497]","[0.8705326353234787, 0.8339217134591494, 0.7992198880794638]","[485, 492, 391]","[0.100678466, 2.2897964, 2.4357548]"
40,"[401, 6, 378]","[0.7878327762260618, 0.7841750367510816, 0.7438750392237089]","[6, 410, 71]","[0.005914533, 7.709506, 9.5004635]"
41,"[319, 125, 399]","[0.7131102322914945, 0.6642704925060515, 0.6617681631968877]","[183, 483, 48]","[3.6660676, 4.435106, 4.697218]"
42,"[195, 104, 77]","[0.9185110840851182, 0.9108951754388427, 0.9044971959463527]","[104, 77, 195]","[1.1834558, 1.4713008, 1.8210407]"
43,"[494, 139, 244]","[0.8294520085545461, 0.7930138296522278, 0.7914158127495339]","[494, 245, 90]","[0.76221883, 2.0051303, 2.2895932]"
44,"[484, 268, 345]","[0.8346784373896311, 0.8291920996493509, 0.8208770488105207]","[268, 484, 345]","[0.3273105, 0.7157112, 2.0208433]"
45,"[290, 162, 78]","[0.7992590504150948, 0.7645301073646262, 0.7508874257361281]","[290, 58, 334]","[0.81054467, 2.2526324, 3.432676]"
46,"[5, 491, 484]","[0.7700307459037022, 0.748028613023019, 0.7233375130861577]","[5, 491, 95]","[0.090533614, 1.0031761, 3.2188032]"
47,"[278, 91, 349]","[0.6796461959510828, 0.614641805070646, 0.6031842516959492]","[278, 296, 382]","[2.2908578, 2.4010289, 3.8012576]"
48,"[54, 59, 332]","[0.7389330337053062, 0.7232633723629842, 0.6838380504309904]","[281, 41, 483]","[4.6050105, 4.697218, 6.5275817]"
49,"[493, 320, 457]","[0.7699648317305444, 0.7394127680296716, 0.73220978457017]","[320, 457, 493]","[0.60639554, 1.6897702, 2.0786655]"
50,"[134, 240, 126]","[0.7435378670122937, 0.7242704567657781, 0.7191700203543666]","[240, 30, 134]","[1.3781563, 5.9977236, 6.5762825]"
51,"[365, 82, 120]","[0.7319227482260687, 0.7024891966790182, 0.7017277714688207]","[463, 406, 120]","[1.8945842, 2.4602344, 3.3072557]"
52,"[265, 498, 51]","[0.716227858576693, 0.6651817717810928, 0.6607197457801318]","[332, 477, 168]","[0.71366227, 5.00277, 5.0107713]"
53,"[293, 328, 321]","[0.7482737198745696, 0.7246869469425246, 0.7241372486021594]","[293, 171, 328]","[1.8536139, 3.370406, 3.9117646]"
54,"[190, 319, 429]","[0.774391707835983, 0.7689193181464683, 0.7657173312993176]","[113, 157, 319]","[1.5494018, 2.0485542, 2.359684]"
55,"[11, 153, 234]","[0.9393325716131693, 0.9248528534688865, 0.918858056525291]","[434, 11, 234]","[0.6630024, 0.91884154, 0.9202447]"
56,"[146, 330, 210]","[0.8549725228263293, 0.8185656901514858, 0.7526147126393212]","[146, 330, 113]","[0.068433225, 1.0546603, 1.6273721]"
57,"[377, 220, 339]","[0.8793763270232784, 0.8700306687655193, 0.8646510159038125]","[179, 172, 220]","[1.3952222, 2.084845, 2.3669841]"
58,"[314, 275, 20]","[0.6784978096929593, 0.672679815554763, 0.6722107509021615]","[45, 290, 334]","[2.2526324, 3.9875684, 4.3449135]"
59,"[250, 226, 48]","[0.7696158041748581, 0.7435773634242183, 0.7232633723629842]","[250, 226, 409]","[0.41283274, 1.1238039, 5.5745506]"
60,"[292, 393, 279]","[0.664462174745681, 0.6606817066827524, 0.6507784868233176]","[247, 373, 393]","[2.2073853, 3.662016, 4.4440255]"
61,"[256, 378, 180]","[0.8830695901229245, 0.8244446109866329, 0.7742145080455399]","[256, 284, 180]","[0.1775613, 1.3363545, 1.8693885]"
62,"[44, 16, 220]","[0.7934652992663355, 0.7818511441272765, 0.7783635586690485]","[345, 268, 44]","[0.76620024, 2.1264844, 2.7101378]"
63,"[137, 334, 86]","[0.6201972558646377, 0.5974935629488076, 0.5917624766942632]","[137, 334, 290]","[0.8365214, 2.41568, 7.651718]"
64,"[438, 376, 443]","[0.6479561679272052, 0.6355025932563267, 0.6103921601077545]","[438, 32, 217]","[1.0297974, 3.8684416, 5.510758]"
65,"[66, 390, 402]","[0.729820927729466, 0.7232404066996333, 0.6956309573480038]","[390, 21, 231]","[1.4852368, 2.6324763, 6.355661]"
66,"[140, 478, 316]","[0.7548945367761387, 0.74518817347676, 0.7339424608188917]","[140, 295, 58]","[0.005074424, 22.695988, 27.715332]"
67,"[272, 124, 151]","[0.7461605812730036, 0.7192158813758434, 0.7071105368202293]","[166, 151, 420]","[5.6874437, 6.297219, 6.39705]"
68,"[161, 99, 112]","[0.9028706829466804, 0.9026203754272267, 0.8992259621097103]","[339, 161, 475]","[0.56951404, 0.7194742, 1.0371568]"
69,"[390, 227, 468]","[0.6673378052325927, 0.6626539598641843, 0.6532781004598754]","[31, 335, 468]","[0.1284731, 4.4762793, 8.356297]"
70,"[457, 372, 493]","[0.7372931461266123, 0.7197195079405188, 0.7124808632007559]","[241, 428, 457]","[0.3727262, 1.2405837, 2.120578]"
71,"[410, 238, 270]","[0.7739119473252255, 0.7501726220501038, 0.7436770749528429]","[410, 388, 333]","[0.92817426, 1.7024456, 3.5097296]"
72,"[145, 197, 395]","[0.7514033809351311, 0.7289888544327344, 0.6990559888913752]","[385, 251, 418]","[4.245353, 6.4699974, 6.5245447]"
73,"[487, 110, 3]","[0.6994030966335819, 0.6888120222462109, 0.6876703555279116]","[487, 3, 17]","[0.027465232, 2.4026608, 5.131567]"
74,"[115, 314, 39]","[0.8292340011482698, 0.7581568893541984, 0.7579165058149459]","[115, 162, 497]","[0.021864396, 2.0617392, 3.4810266]"
75,"[493, 131, 457]","[0.7423216740235762, 0.693983050960754, 0.6836801656460724]","[372, 394, 417]","[2.2087047, 2.3336625, 3.3573952]"
76,"[355, 152, 349]","[0.809652832732218, 0.7714209659461524, 0.7691824947134228]","[375, 479, 173]","[1.9141856, 4.255973, 4.753843]"
77,"[426, 42, 104]","[0.9174684490885258, 0.9044971959463527, 0.9004684321877683]","[426, 104, 42]","[0.65128994, 1.3613259, 1.4713008]"
78,"[215, 391, 115]","[0.7759271516830333, 0.7595563036792056, 0.7553491544467532]","[466, 215, 495]","[0.80656564, 1.0406344, 2.7098534]"
79,"[253, 335, 361]","[0.76726821795328, 0.7608333457692419, 0.7346405734145731]","[84, 433, 376]","[1.2114457, 1.373209, 5.690837]"
80,"[229, 208, 237]","[0.7466631646311825, 0.7138460295183329, 0.6578582547307461]","[369, 237, 464]","[1.8965809, 1.9927619, 2.4674215]"
81,"[267, 107, 375]","[0.7140470345055684, 0.7103489460065562, 0.6916318907848831]","[107, 267, 375]","[1.3473738, 2.1001866, 2.1209002]"
82,"[51, 183, 48]","[0.7024891966790182, 0.683674508454261, 0.6731783032222454]","[463, 477, 437]","[8.569116, 8.644812, 9.136022]"
83,"[128, 474, 119]","[0.7296214051862889, 0.7264803183466325, 0.7228077184839915]","[128, 110, 381]","[1.6857743, 1.8291086, 3.126262]"
84,"[198, 79, 31]","[0.6955183279989408, 0.6610630415550912, 0.6417369514949792]","[79, 361, 433]","[1.2114457, 1.9018002, 3.93465]"
85,"[438, 171, 217]","[0.6949820589678518, 0.685039212933859, 0.6607364162198827]","[171, 124, 53]","[0.15494522, 4.8195906, 4.968971]"
86,"[10, 480, 154]","[0.7113927027572642, 0.708453205755624, 0.7075160709801891]","[488, 245, 492]","[6.422648, 6.4444804, 7.792653]"
87,"[84, 213, 430]","[0.5232606175581386, 0.5181922044306277, 0.5125496819323436]","[222, 192, 342]","[1.7809284, 3.4618156, 7.436837]"
88,"[207, 442, 310]","[0.7236314320509711, 0.676868005697499, 0.6500059669996706]","[207, 239, 300]","[0.27655274, 2.299739, 8.077004]"
89,"[363, 23, 94]","[0.7009216387852103, 0.6926612557417097, 0.6824991713738634]","[130, 201, 318]","[2.3029509, 4.222738, 6.3940206]"
90,"[494, 380, 139]","[0.8791418628835117, 0.8364333612695197, 0.8251622712153269]","[494, 43, 154]","[0.4332513, 2.2895932, 3.4313774]"
91,"[435, 33, 199]","[0.7985826380460651, 0.7783016527997716, 0.7728224155824536]","[454, 215, 466]","[2.3742917, 4.9093666, 5.2750034]"
92,"[116, 263, 388]","[0.6705996657210773, 0.6238676705690371, 0.6224407718799476]","[116, 231, 468]","[2.8303034, 3.8436906, 3.8925164]"
93,"[23, 89, 144]","[0.6958797623474531, 0.6607124953231674, 0.6509061753487345]","[448, 266, 23]","[1.0101907, 3.7867417, 5.8843575]"
94,"[441, 363, 252]","[0.8023482673663759, 0.7617494000523551, 0.7546714720334595]","[441, 252, 352]","[0.7970934, 1.2186372, 1.7267896]"
95,"[355, 495, 170]","[0.7968420176412804, 0.7749596017423956, 0.7572193688240455]","[170, 276, 46]","[1.8791488, 2.3870304, 3.2188032]"
96,"[272, 18, 178]","[0.8345156854060356, 0.8211830296204098, 0.8041453709047658]","[272, 18, 152]","[0.51487035, 0.579563, 2.3478754]"
97,"[138, 15, 482]","[0.9094126618579497, 0.892358750184669, 0.891579431444214]","[141, 138, 482]","[1.4710634, 1.4723976, 1.5075176]"
98,"[226, 474, 110]","[0.698355912650266, 0.6928456972809156, 0.6905077286775055]","[414, 450, 110]","[1.6658217, 2.8163009, 3.4592302]"
99,"[112, 161, 68]","[0.9085628742141747, 0.9032562211062315, 0.9026203754272267]","[475, 255, 9]","[1.4415554, 1.6329049, 2.2642233]"
100,"[298, 19, 72]","[0.7479620387611643, 0.7009053945608993, 0.6848235854122419]","[298, 19, 427]","[0.23439366, 0.61254054, 1.8032764]"
101,"[384, 243, 194]","[0.6848579474433822, 0.6835896154339816, 0.6607126751539625]","[122, 489, 35]","[0.9735197, 1.3282516, 2.2597969]"
102,"[150, 322, 121]","[0.8372462175628448, 0.8292585089367902, 0.8128201854662356]","[121, 150, 103]","[1.6124172, 2.3202546, 3.609246]"
103,"[317, 96, 272]","[0.8064325702290953, 0.7784265058769682, 0.7759420415105577]","[121, 287, 366]","[0.48152035, 1.6325027, 1.903353]"
104,"[195, 42, 77]","[0.9342453507520369, 0.9108951754388427, 0.9004684321877683]","[42, 195, 77]","[1.1834558, 1.3532556, 1.3613259]"
105,"[198, 69, 390]","[0.6384900661630047, 0.6334792712678465, 0.6269270551658499]","[324, 474, 433]","[4.2985797, 5.341235, 6.193935]"
106,"[170, 404, 160]","[0.6789535049395388, 0.6534056931509659, 0.6533373170056337]","[307, 265, 24]","[1.44545, 4.56538, 5.031701]"
107,"[375, 400, 267]","[0.8088909873219035, 0.7721988242522642, 0.7680916636128329]","[375, 400, 81]","[0.7829777, 1.137145, 1.3473738]"
108,"[405, 7, 414]","[0.827107805685196, 0.743330416107691, 0.7204343965151826]","[405, 7, 238]","[0.03342213, 2.2001386, 4.9468837]"
109,"[206, 357, 182]","[0.7421256272276529, 0.7418934221262301, 0.734383914502773]","[24, 221, 182]","[1.4419289, 1.9806762, 4.1295605]"
110,"[128, 474, 238]","[0.7787589876128165, 0.7723437052168942, 0.7555871463216308]","[83, 450, 128]","[1.8291086, 2.6640518, 3.4588442]"
111,"[490, 469, 252]","[0.7829928139377321, 0.7647644711323842, 0.7595927866521462]","[14, 490, 469]","[1.149104, 1.4825625, 2.8374984]"
112,"[161, 339, 99]","[0.935505117004335, 0.9094380956897579, 0.9085628742141747]","[161, 97, 68]","[0.8340291, 2.044441, 2.075961]"
113,"[56, 146, 54]","[0.7463701174679226, 0.7368978358520325, 0.7277037880737597]","[54, 56, 146]","[1.5494018, 1.6273721, 2.2668986]"
114,"[328, 321, 426]","[0.9066043625660074, 0.8996120337088283, 0.8964943884893809]","[321, 472, 426]","[1.0252753, 1.9762759, 1.9769837]"
115,"[74, 345, 39]","[0.8292340011482698, 0.7907150659277157, 0.7849608319021805]","[74, 162, 62]","[0.021864396, 2.4662848, 3.6769104]"
116,"[163, 399, 167]","[0.7689664788144773, 0.7494853874296131, 0.7307139339346234]","[163, 306, 92]","[0.4534197, 1.1491766, 2.8303034]"
117,"[243, 384, 346]","[0.7778937725862781, 0.7552692911628826, 0.7468643259561121]","[346, 243, 194]","[0.10123778, 1.6236417, 2.2902036]"
118,"[184, 322, 380]","[0.7950355272496678, 0.7765420053109765, 0.7603272046301368]","[465, 273, 275]","[0.9308893, 1.9674306, 2.2852104]"
119,"[83, 129, 381]","[0.7228077184839915, 0.7078511957906342, 0.6836650603783505]","[381, 129, 359]","[1.6303904, 1.7352638, 3.1141129]"
120,"[125, 409, 315]","[0.764797243611491, 0.7335660241967273, 0.7307049879028484]","[446, 125, 406]","[1.6343174, 1.80393, 2.3008287]"
121,"[102, 380, 90]","[0.8128201854662356, 0.8085789559400816, 0.8036740675737634]","[103, 102, 175]","[0.48152035, 1.6124172, 1.9792358]"
122,"[448, 228, 384]","[0.6888090602970983, 0.6884811807886102, 0.6744719862539339]","[101, 489, 35]","[0.9735197, 4.5755577, 5.8061886]"
123,"[327, 160, 485]","[0.5684171326000921, 0.5558215281778374, 0.5557551291225741]","[327, 259, 412]","[0.0013710117, 1.6164924, 22.487446]"
124,"[178, 216, 18]","[0.7925260715079948, 0.7494140078170021, 0.7332072589095173]","[85, 171, 200]","[4.8195906, 6.6580095, 7.3051863]"
125,"[120, 446, 433]","[0.764797243611491, 0.7628942976357512, 0.7524774257944712]","[446, 120, 419]","[0.11186627, 1.80393, 3.3660724]"
126,"[134, 470, 169]","[0.7544566524162043, 0.7384123636458807, 0.7236087205764777]","[169, 248, 436]","[3.6165698, 19.676033, 27.527052]"
127,"[1, 4, 303]","[0.8315727978430861, 0.7568057117889444, 0.7416606654731009]","[303, 260, 197]","[0.9306149, 3.7358737, 4.2812176]"
128,"[110, 187, 83]","[0.7787589876128165, 0.7501726085079339, 0.7296214051862889]","[83, 187, 110]","[1.6857743, 2.8522997, 3.4588442]"
129,"[359, 119, 381]","[0.7362711475737492, 0.7078511957906342, 0.703458970064564]","[359, 119, 381]","[0.21968566, 1.7352638, 4.304555]"
130,"[201, 318, 300]","[0.6962976886265972, 0.6908508783407715, 0.6775888051380007]","[201, 318, 89]","[0.6697583, 1.8082492, 2.3029509]"
131,"[193, 493, 75]","[0.7418999557529106, 0.7260621638072953, 0.693983050960754]","[329, 8, 193]","[0.2731801, 1.9099331, 4.6797934]"
132,"[313, 341, 345]","[0.8040016206059012, 0.7803731459494123, 0.7785997028234426]","[341, 33, 435]","[0.5997422, 1.3452107, 1.5311095]"
133,"[246, 403, 444]","[0.7364299964296636, 0.6952936998768982, 0.6855813605672246]","[246, 227, 444]","[0.0681178, 2.7952096, 2.922319]"
134,"[240, 470, 126]","[0.8057704961498378, 0.7967855568039843, 0.7544566524162043]","[470, 240, 50]","[0.29536885, 2.760484, 6.5762825]"
135,"[229, 237, 80]","[0.7032188935281299, 0.6500675209853772, 0.6407067534483664]","[229, 329, 131]","[0.005358824, 5.083977, 7.6349707]"
136,"[375, 221, 357]","[0.712626485091513, 0.7036124647820687, 0.6916983755541085]","[221, 357, 219]","[1.2399515, 3.085574, 4.054494]"
137,"[63, 242, 21]","[0.6201972558646377, 0.6065266727605146, 0.5706180328435556]","[63, 334, 290]","[0.8365214, 6.0778704, 13.535737]"
138,"[97, 165, 141]","[0.9094126618579497, 0.907163134756187, 0.9028799400497922]","[141, 471, 165]","[0.914136, 0.9670101, 1.3660382]"
139,"[494, 244, 90]","[0.8552383228739243, 0.8429606161728762, 0.8251622712153269]","[260, 325, 303]","[11.387956, 23.388977, 25.382011]"
140,"[66, 81, 25]","[0.7548945367761387, 0.6891983871708478, 0.643045026925033]","[66, 295, 58]","[0.005074424, 23.33198, 28.28301]"
141,"[138, 323, 15]","[0.9028799400497922, 0.8987241038950134, 0.8829914575139707]","[323, 138, 165]","[0.7788963, 0.914136, 1.0900247]"
142,"[164, 167, 188]","[0.8887482252104195, 0.8877935619802779, 0.8588550690824904]","[167, 164, 188]","[1.4012587, 1.421123, 1.7750478]"
143,"[254, 435, 2]","[0.7900269728734958, 0.7878996798929133, 0.7820020898905592]","[254, 349, 355]","[0.26725176, 2.1694434, 3.4047909]"
144,"[252, 490, 111]","[0.7636391435382108, 0.7300492511796371, 0.721178230082303]","[23, 252, 441]","[1.6160575, 3.4256887, 4.114208]"
145,"[72, 350, 197]","[0.7514033809351311, 0.7513238827222429, 0.7394918388479824]","[350, 176, 1]","[2.3849845, 4.6296988, 5.728416]"
146,"[56, 330, 319]","[0.8549725228263293, 0.8338334855379282, 0.7549662687357711]","[56, 330, 210]","[0.068433225, 0.7218827, 2.093647]"
147,"[488, 383, 307]","[0.7810167550230026, 0.7395125714870245, 0.7085016556747543]","[383, 374, 480]","[0.07991043, 3.8504195, 4.7366714]"
148,"[305, 158, 301]","[0.7258290530432208, 0.7245907151063341, 0.7216261010882735]","[305, 158, 481]","[1.5985044, 2.3571932, 2.4319587]"
149,"[235, 173, 277]","[0.8723898910813567, 0.7728736763308828, 0.7696491859876341]","[235, 277, 451]","[0.0101107955, 1.6212685, 1.7652435]"
150,"[102, 497, 485]","[0.8372462175628448, 0.8349603960065339, 0.8073498078614405]","[152, 338, 102]","[1.485546, 1.4887416, 2.3202546]"
151,"[187, 67, 178]","[0.7237001140044285, 0.7071105368202293, 0.6899983015232334]","[202, 389, 67]","[0.3272495, 2.8036036, 6.297219]"
152,"[338, 355, 96]","[0.8282015950021387, 0.7762175020440332, 0.7737683879058567]","[338, 150, 96]","[0.47422433, 1.485546, 2.3478754]"
153,"[234, 55, 161]","[0.9362928771157356, 0.9248528534688865, 0.90920818842115]","[234, 161, 112]","[0.5597213, 2.1101758, 2.2544634]"
154,"[139, 10, 287]","[0.8040464911357255, 0.8008566682402938, 0.7913531217468043]","[10, 440, 287]","[0.7348487, 1.1960969, 1.4394931]"
155,"[315, 409, 187]","[0.794466286601775, 0.756350941822296, 0.7511935110097119]","[409, 368, 487]","[1.4170415, 4.048795, 6.1678033]"
156,"[225, 214, 423]","[0.8899875311219189, 0.8594006696662966, 0.8414613524168376]","[225, 214, 253]","[1.213773, 2.7147765, 3.9904318]"
157,"[190, 54, 315]","[0.7425075586566174, 0.7215918866173147, 0.694692305639644]","[190, 54, 319]","[1.5300093, 2.0485542, 2.9491813]"
158,"[416, 238, 7]","[0.762258454851801, 0.7398942863705822, 0.733970868420372]","[301, 416, 148]","[0.94475377, 1.4973543, 2.3571932]"
159,"[469, 490, 351]","[0.7843057813252585, 0.7798661681528808, 0.7669087376232915]","[469, 490, 111]","[0.2876163, 0.97977114, 4.6572576]"
160,"[404, 170, 233]","[0.7530112078445155, 0.7405779571779257, 0.7191278969948426]","[404, 279, 262]","[0.54673064, 3.6378706, 4.9022365]"
161,"[112, 339, 153]","[0.935505117004335, 0.910784351020712, 0.90920818842115]","[68, 112, 339]","[0.7194742, 0.8340291, 1.5199428]"
162,"[45, 62, 341]","[0.7645301073646262, 0.7525776206880967, 0.749668412763982]","[74, 115, 497]","[2.0617392, 2.4662848, 2.6111798]"
163,"[116, 361, 433]","[0.7689664788144773, 0.6946251142840929, 0.6727442001778139]","[116, 361, 306]","[0.4534197, 2.4966824, 2.6250048]"
164,"[167, 195, 223]","[0.921356885233147, 0.900536700963729, 0.8947524569493194]","[167, 142, 195]","[0.983629, 1.421123, 1.6416044]"
165,"[138, 323, 482]","[0.907163134756187, 0.8996829556132219, 0.8870966058115128]","[141, 471, 323]","[1.0900247, 1.2707458, 1.306117]"
166,"[207, 228, 469]","[0.7630955894506728, 0.7013855403653416, 0.6992260116816534]","[299, 291, 310]","[1.885377, 4.1885676, 4.629954]"
167,"[223, 195, 164]","[0.940052084611304, 0.9219198043307629, 0.921356885233147]","[415, 223, 164]","[0.8159981, 0.9818197, 0.983629]"
168,"[365, 250, 226]","[0.6545137122217201, 0.6479113011587739, 0.6462362180593436]","[365, 52, 218]","[2.4538643, 5.0107713, 5.69035]"
169,"[126, 289, 407]","[0.7236087205764777, 0.6481633772516364, 0.6451903844735689]","[126, 289, 430]","[3.6165698, 17.187054, 18.971806]"
170,"[404, 230, 355]","[0.7829750284767699, 0.7738870267860392, 0.7728645246327304]","[95, 355, 276]","[1.8791488, 1.9043584, 3.1828537]"
171,"[211, 94, 32]","[0.757201338040655, 0.7157988521895385, 0.71193575680261]","[85, 53, 363]","[0.15494522, 3.370406, 6.589706]"
172,"[399, 134, 57]","[0.7423246874645218, 0.7378491588701558, 0.7361953384313187]","[57, 421, 179]","[2.084845, 4.1434145, 4.359251]"
173,"[455, 317, 268]","[0.8270814445890965, 0.81426747134541, 0.7956168910550205]","[479, 268, 44]","[0.352224, 2.814665, 3.562482]"
174,"[232, 331, 45]","[0.7187783455473179, 0.709681689355416, 0.6829352093449254]","[331, 232, 340]","[0.13980761, 2.4356296, 3.0616953]"
175,"[139, 440, 154]","[0.8094378061279125, 0.8076003627970773, 0.7791798761165012]","[121, 287, 103]","[1.9792358, 2.6201437, 2.8911576]"
176,"[1, 350, 412]","[0.7985226992163117, 0.7368660815052406, 0.7257908247772142]","[1, 350, 145]","[0.058764674, 0.37415057, 4.6296988]"
177,"[292, 279, 373]","[0.70340070749804, 0.6574650324952785, 0.6390602115796646]","[292, 29, 393]","[0.18019795, 2.2033246, 9.047817]"
178,"[18, 322, 96]","[0.8400305599649275, 0.815035113549425, 0.8041453709047658]","[184, 465, 118]","[1.1363276, 1.7650268, 4.514161]"
179,"[249, 496, 377]","[0.8595070665062182, 0.8578179489084958, 0.8537866270066121]","[220, 57, 496]","[1.0640906, 1.3952222, 1.9360516]"
180,"[61, 333, 478]","[0.7742145080455399, 0.7733335373600576, 0.7417046136657446]","[61, 256, 282]","[1.8693885, 2.1938858, 3.0823662]"
181,"[279, 173, 230]","[0.7617420607967426, 0.7330056294021635, 0.7327817939596757]","[413, 336, 491]","[4.5415587, 5.6999784, 6.8841267]"
182,"[386, 422, 277]","[0.7535421989572451, 0.7521268832174428, 0.7422467679404904]","[36, 425, 109]","[1.3771858, 1.5341427, 4.1295605]"
183,"[82, 319, 120]","[0.683674508454261, 0.6131443096294019, 0.5880716360866842]","[319, 368, 409]","[1.6272633, 1.6743002, 3.6300766]"
184,"[118, 322, 178]","[0.7950355272496678, 0.7457715059893567, 0.7010681610905044]","[178, 465, 118]","[1.1363276, 2.7949796, 4.0402546]"
185,"[22, 261, 38]","[0.7021192128113264, 0.6899777937415088, 0.6279830160458124]","[343, 38, 261]","[0.98654526, 1.2594062, 3.5449119]"
186,"[313, 132, 492]","[0.8979239160691836, 0.769236074297739, 0.7691568169424642]","[313, 199, 20]","[0.09860727, 0.7194469, 0.97813475]"
187,"[315, 155, 128]","[0.7591954478267756, 0.7511935110097119, 0.7501726085079339]","[128, 299, 389]","[2.8522997, 5.117883, 5.208943]"
188,"[249, 458, 189]","[0.8768572666663318, 0.8746072611579077, 0.8704073672067939]","[189, 142, 458]","[1.6197102, 1.7750478, 2.605732]"
189,"[249, 496, 364]","[0.9143390225813004, 0.8970590226452708, 0.8876246642811351]","[249, 188, 364]","[1.2184216, 1.6197102, 1.6854038]"
190,"[54, 351, 155]","[0.774391707835983, 0.7667048061998678, 0.7497835583343683]","[351, 17, 157]","[0.83643025, 1.4081504, 1.5300093]"
191,"[215, 39, 295]","[0.801682755670875, 0.7946819067007106, 0.7714814610912779]","[215, 337, 78]","[0.6264351, 2.0602643, 2.8840787]"
192,"[294, 342, 263]","[0.7053103537286628, 0.688339407659613, 0.5631024922144838]","[222, 342, 87]","[0.33090514, 0.89179534, 3.4618156]"
193,"[131, 493, 8]","[0.7418999557529106, 0.7325514964054555, 0.722010046399409]","[8, 493, 297]","[0.7477935, 1.6729187, 1.8727717]"
194,"[243, 27, 117]","[0.7686474964276041, 0.7398737504242944, 0.7343122074240602]","[243, 117, 346]","[0.74960196, 2.2902036, 3.1211236]"
195,"[104, 167, 42]","[0.9342453507520369, 0.9219198043307629, 0.9185110840851182]","[104, 415, 167]","[1.3532556, 1.3724691, 1.3903152]"
196,"[280, 420, 397]","[0.7485652274297087, 0.7295902972185094, 0.7285112550772193]","[291, 443, 420]","[1.0668279, 1.1465224, 1.9854847]"
197,"[145, 72, 213]","[0.7394918388479824, 0.7289888544327344, 0.6960243510757724]","[127, 213, 303]","[4.2812176, 8.667634, 8.812967]"
198,"[79, 84, 335]","[0.7202627567640352, 0.6955183279989408, 0.6909624035553545]","[269, 35, 489]","[22.07589, 30.099098, 35.735912]"
199,"[91, 313, 454]","[0.7728224155824536, 0.763233114821496, 0.748752077519077]","[313, 186, 20]","[0.70784533, 0.7194469, 2.8254724]"
200,"[280, 397, 252]","[0.78573190778681, 0.7557132094106743, 0.7409431754947992]","[397, 280, 30]","[2.004782, 2.5948248, 3.7098207]"
201,"[300, 318, 117]","[0.7720001872495984, 0.7300244300648941, 0.7134546828673517]","[318, 130, 89]","[0.2818407, 0.6697583, 4.222738]"
202,"[499, 315, 128]","[0.7722773242811952, 0.7457996140540334, 0.7179928429595887]","[151, 389, 452]","[0.3272495, 3.4529488, 6.5869694]"
203,"[494, 244, 90]","[0.7046013095085478, 0.6958588020872672, 0.6946855639849906]","[465, 273, 118]","[2.2482173, 4.0882616, 4.259905]"
204,"[458, 377, 257]","[0.757383125991644, 0.7558185442352047, 0.7522601930123677]","[356, 408, 10]","[12.889815, 12.916136, 13.025924]"
205,"[395, 432, 418]","[0.7466159986555753, 0.7440050200509573, 0.7352290753421334]","[4, 395, 388]","[0.49183452, 1.1993841, 4.6043286]"
206,"[109, 221, 313]","[0.7421256272276529, 0.7292133767013768, 0.7259413161252711]","[265, 224, 186]","[1.1634526, 1.4052514, 4.1453185]"
207,"[166, 228, 304]","[0.7630955894506728, 0.7429259249362721, 0.7360644696131037]","[88, 239, 300]","[0.27655274, 0.98186874, 5.370726]"
208,"[80, 481, 70]","[0.7138460295183329, 0.6984819990247036, 0.6912802772107135]","[392, 75, 428]","[0.6065788, 5.987464, 6.5075197]"
209,"[125, 56, 330]","[0.7252245724530988, 0.6877199731843694, 0.6616327712208031]","[437, 483, 419]","[0.53920096, 5.850672, 7.5619745]"
210,"[330, 146, 56]","[0.7834638206030898, 0.7544985736464221, 0.7526147126393212]","[330, 146, 56]","[0.9923741, 2.093647, 2.9042563]"
211,"[171, 114, 328]","[0.757201338040655, 0.6395119477022396, 0.6346183175441157]","[444, 227, 499]","[3.5331974, 6.3611817, 6.8830423]"
212,"[498, 159, 217]","[0.7052835286399175, 0.7009244083536176, 0.7007171335909115]","[498, 305, 405]","[0.19159172, 4.8289247, 6.668806]"
213,"[412, 197, 176]","[0.7117784905617663, 0.6960243510757724, 0.6958819465046906]","[412, 197, 160]","[6.6087236, 8.667634, 12.247507]"
214,"[423, 195, 387]","[0.8801144454575934, 0.8747232562757089, 0.8673171557505361]","[225, 415, 387]","[1.0715307, 1.379231, 1.997723]"
215,"[39, 485, 191]","[0.8339217134591494, 0.8234272815972, 0.801682755670875]","[191, 78, 466]","[0.6264351, 1.0406344, 1.4174588]"
216,"[178, 18, 96]","[0.7830869559472354, 0.7725792945920003, 0.7713470929607465]","[18, 96, 273]","[1.1137837, 2.8410027, 3.3483622]"
217,"[441, 397, 420]","[0.7535803149360495, 0.7419442097607997, 0.7401891912288241]","[420, 196, 397]","[2.4997537, 3.2084627, 3.3862796]"
218,"[365, 0, 52]","[0.6384061524822721, 0.5899065836414744, 0.5892292904229475]","[365, 294, 168]","[1.0225121, 1.3007787, 5.69035]"
219,"[33, 495, 357]","[0.7618152571493803, 0.7358226746765456, 0.7234764486866999]","[357, 136, 283]","[0.8093787, 4.054494, 6.9548736]"
220,"[496, 55, 11]","[0.9090318476986877, 0.9076050018820966, 0.9074583794584372]","[496, 377, 179]","[0.8042247, 0.90499485, 1.0640906]"
221,"[206, 109, 136]","[0.7292133767013768, 0.7242506634308843, 0.7036124647820687]","[24, 136, 109]","[0.94307834, 1.2399515, 1.9806762]"
222,"[208, 445, 392]","[0.6459443733417508, 0.6340790913401578, 0.6335612120384694]","[192, 87, 342]","[0.33090514, 1.7809284, 2.296677]"
223,"[167, 387, 415]","[0.940052084611304, 0.9380141349898462, 0.9271918835037763]","[387, 167, 415]","[0.63843715, 0.9818197, 1.4669719]"
224,"[277, 109, 357]","[0.714805921085768, 0.7052556602792686, 0.6954735256087236]","[206, 186, 265]","[1.4052514, 2.6115696, 3.0680337]"
225,"[156, 423, 214]","[0.8899875311219189, 0.887589026610904, 0.8668631765500386]","[214, 156, 285]","[1.0715307, 1.213773, 1.9286804]"
226,"[250, 59, 474]","[0.7708490051524348, 0.7435773634242183, 0.7129804049321409]","[250, 59, 98]","[0.6760793, 1.1238039, 4.481423]"
227,"[246, 69, 444]","[0.6929502380845323, 0.6626539598641843, 0.6556383147905985]","[444, 246, 133]","[0.74490076, 1.9908183, 2.7952096]"
228,"[207, 304, 128]","[0.7429259249362721, 0.7253723454947518, 0.7094013667866493]","[396, 169, 347]","[0.002774185, 23.041649, 23.959097]"
229,"[80, 135, 237]","[0.7466631646311825, 0.7032188935281299, 0.6616139486184831]","[135, 329, 131]","[0.005358824, 4.7613344, 7.2366276]"
230,"[233, 170, 317]","[0.7950573203308254, 0.7738870267860392, 0.7734885284770533]","[233, 317, 456]","[0.29711252, 2.6017241, 3.6394718]"
231,"[260, 390, 172]","[0.6761611739887847, 0.6730924042510329, 0.6233103362988194]","[390, 468, 92]","[2.6869366, 3.5678418, 3.8436906]"
232,"[429, 45, 174]","[0.7224074533013515, 0.7207398740595224, 0.7187783455473179]","[174, 331, 340]","[2.4356296, 3.6459122, 7.1260924]"
233,"[230, 254, 311]","[0.7950573203308254, 0.786158687587803, 0.7412171029924973]","[230, 317, 456]","[0.29711252, 4.2888775, 4.8196454]"
234,"[153, 55, 16]","[0.9362928771157356, 0.918858056525291, 0.9101543249801978]","[153, 55, 434]","[0.5597213, 0.9202447, 1.2582719]"
235,"[149, 277, 341]","[0.8723898910813567, 0.7828772646241615, 0.7639461561842305]","[149, 277, 451]","[0.0101107955, 1.6908574, 2.0420718]"
236,"[374, 307, 147]","[0.8418581089985874, 0.669595690755077, 0.6618671700964153]","[265, 206, 224]","[1.7534844, 5.338226, 6.1285377]"
237,"[294, 229, 80]","[0.6964551677517719, 0.6616139486184831, 0.6578582547307461]","[464, 80, 411]","[1.8101972, 1.9927619, 3.6512914]"
238,"[333, 410, 110]","[0.7614403618175769, 0.7580234692794638, 0.7555871463216308]","[7, 110, 416]","[1.9126295, 3.7266843, 4.192388]"
239,"[172, 300, 304]","[0.714559616948957, 0.7127449994795434, 0.70601263921005]","[207, 300, 88]","[0.98186874, 1.7632921, 2.299739]"
240,"[134, 50, 470]","[0.8057704961498378, 0.7242704567657781, 0.7234885267253321]","[50, 134, 30]","[1.3781563, 2.760484, 3.5475893]"
241,"[301, 70, 8]","[0.7126003891478845, 0.7084407626806949, 0.6936878000289479]","[70, 457, 493]","[0.3727262, 2.0529873, 2.5538745]"
242,"[97, 99, 138]","[0.7653286646383499, 0.7580601921484588, 0.7570156213082752]","[99, 255, 475]","[2.5085168, 3.8290927, 6.679342]"
243,"[117, 194, 318]","[0.7778937725862781, 0.7686474964276041, 0.7419388162522443]","[194, 117, 346]","[0.74960196, 1.6236417, 2.5314898]"
244,"[139, 494, 90]","[0.8429606161728762, 0.8229242922575425, 0.7962988880651756]","[467, 322, 102]","[0.3556595, 1.4816915, 3.8713994]"
245,"[302, 290, 488]","[0.7652594978085393, 0.7151944789846374, 0.7067064048477899]","[43, 440, 494]","[2.0051303, 4.759468, 5.236824]"
246,"[133, 227, 444]","[0.7364299964296636, 0.6929502380845323, 0.6908297400476335]","[133, 227, 444]","[0.0681178, 1.9908183, 2.2236724]"
247,"[373, 449, 459]","[0.7845800930931849, 0.7322556362677956, 0.7179692896040452]","[459, 373, 60]","[0.93987787, 1.3453838, 2.2073853]"
248,"[21, 324, 242]","[0.7352807118229041, 0.6743423945030921, 0.6699820444118243]","[324, 105, 379]","[1.0031257, 7.495251, 9.364719]"
249,"[364, 189, 462]","[0.9147605114313074, 0.9143390225813004, 0.9029629349971094]","[364, 189, 496]","[0.49860835, 1.2184216, 1.7759024]"
250,"[226, 59, 474]","[0.7708490051524348, 0.7696158041748581, 0.7477635012549703]","[59, 226, 98]","[0.41283274, 0.6760793, 5.5170755]"
251,"[270, 401, 4]","[0.72603726171396, 0.695482358288339, 0.685926446708575]","[432, 418, 270]","[0.55659807, 1.7802271, 2.3027933]"
252,"[441, 144, 111]","[0.7946758349747832, 0.7636391435382108, 0.7595927866521462]","[441, 94, 352]","[0.15009768, 1.2186372, 1.2709368]"
253,"[79, 361, 116]","[0.76726821795328, 0.7314793131576603, 0.6845941744744071]","[42, 77, 156]","[2.5596654, 2.5890796, 3.9904318]"
254,"[143, 233, 355]","[0.7900269728734958, 0.786158687587803, 0.7527222453405061]","[143, 349, 345]","[0.26725176, 3.9503148, 4.114677]"
255,"[482, 9, 68]","[0.8976632932730999, 0.8843921113166111, 0.8829408991428925]","[482, 475, 99]","[0.96181965, 1.1137166, 1.6329049]"
256,"[61, 378, 25]","[0.8830695901229245, 0.8182988482174149, 0.7785156019377002]","[61, 282, 284]","[0.1775613, 1.2516751, 1.8355231]"
257,"[402, 344, 377]","[0.913857452992978, 0.9023806158656609, 0.8939642743582613]","[402, 234, 55]","[0.5329456, 1.6889855, 1.8767766]"
258,"[365, 98, 294]","[0.5996375261509825, 0.5818599338871903, 0.5809569476808409]","[294, 365, 411]","[1.8227663, 4.245155, 4.887414]"
259,"[327, 213, 176]","[0.5395356557375882, 0.5342881738444519, 0.5334334460465221]","[123, 327, 274]","[1.6164924, 1.6613039, 23.438353]"
260,"[231, 172, 468]","[0.6761611739887847, 0.6465331652108277, 0.6378074505952611]","[303, 127, 139]","[2.7858422, 3.7358737, 11.387956]"
261,"[343, 22, 185]","[0.7393622084991822, 0.7017780193165386, 0.6899777937415088]","[22, 453, 185]","[0.19100796, 1.9927411, 3.5449119]"
262,"[449, 279, 247]","[0.6951512023551668, 0.6551269543048548, 0.6271947455334298]","[449, 459, 279]","[2.21883, 3.5450654, 4.471411]"
263,"[305, 405, 71]","[0.7117891935868376, 0.7027200431586146, 0.7017698837103319]","[395, 4, 205]","[6.920907, 7.6467032, 8.204177]"
264,"[308, 413, 182]","[0.6985570133071148, 0.696580451988558, 0.6940474383577028]","[308, 271, 413]","[0.5508095, 1.8024085, 3.1218805]"
265,"[52, 454, 199]","[0.716227858576693, 0.7058548880472122, 0.7004344957126195]","[206, 236, 224]","[1.1634526, 1.7534844, 3.0680337]"
266,"[448, 122, 130]","[0.7168157380883461, 0.644181519767697, 0.6415142071430397]","[448, 93, 304]","[0.88626724, 3.7867417, 6.63227]"
267,"[107, 279, 404]","[0.7680916636128329, 0.747322273843339, 0.7409150875513307]","[81, 336, 404]","[2.1001866, 2.1989129, 2.4673436]"
268,"[44, 355, 484]","[0.8291920996493509, 0.816154316415755, 0.8156848824023787]","[44, 345, 484]","[0.3273105, 0.9251627, 2.0097537]"
269,"[25, 326, 478]","[0.7296825811758512, 0.7293801653964049, 0.7024144156605173]","[25, 431, 286]","[3.447906, 7.3631115, 9.410852]"
270,"[401, 388, 4]","[0.8090430072370686, 0.7531748290900309, 0.7499803498772221]","[401, 251, 432]","[0.025366258, 2.3027933, 3.2903166]"
271,"[308, 95, 182]","[0.7530905333241188, 0.724812643164922, 0.7224676568916816]","[308, 460, 264]","[0.51323724, 1.5555192, 1.8024085]"
272,"[96, 18, 317]","[0.8345156854060356, 0.8035905045803572, 0.7898495845473293]","[96, 18, 311]","[0.51487035, 1.4871519, 2.304199]"
273,"[328, 293, 441]","[0.6923238406046183, 0.6890106016253272, 0.683013255368702]","[118, 216, 465]","[1.9674306, 3.3483622, 3.8544412]"
274,"[486, 54, 111]","[0.6627313496107394, 0.6607259478100084, 0.6390079165866256]","[486, 259, 473]","[0.4431712, 23.438353, 27.359718]"
275,"[314, 156, 225]","[0.7732546544178278, 0.7610077639160051, 0.7604414273775288]","[118, 184, 465]","[2.2852104, 4.4178224, 4.994955]"
276,"[170, 495, 95]","[0.6681568514738879, 0.666424119851374, 0.6550274924934261]","[95, 170, 341]","[2.3870304, 3.1828537, 4.5792165]"
277,"[235, 149, 313]","[0.7828772646241615, 0.7696491859876341, 0.7692576566219232]","[386, 149, 235]","[0.5578322, 1.6212685, 1.6908574]"
278,"[355, 47, 91]","[0.6801783237964002, 0.6796461959510828, 0.6522428869601887]","[47, 76, 375]","[2.2908578, 5.710657, 8.552614]"
279,"[449, 181, 373]","[0.8088983646092646, 0.7617420607967426, 0.7533955577082523]","[449, 404, 160]","[0.7727438, 3.5171657, 3.6378706]"
280,"[200, 30, 397]","[0.78573190778681, 0.7761073364000002, 0.7492226606298937]","[30, 200, 240]","[0.11065462, 2.5948248, 4.853821]"
281,"[429, 54, 146]","[0.7286930858798283, 0.7286285141905219, 0.7203740275854995]","[429, 113, 48]","[0.6926936, 2.5899944, 4.6050105]"
282,"[478, 134, 316]","[0.7722355230268024, 0.7183896288379014, 0.7161366705546496]","[353, 256, 61]","[1.1218358, 1.2516751, 2.245722]"
283,"[408, 330, 56]","[0.6385579776256919, 0.6045808734416591, 0.6024674430478552]","[28, 219, 357]","[0.6518756, 6.9548736, 10.490529]"
284,"[378, 61, 333]","[0.8006098946826895, 0.7689821497969821, 0.7387268618184909]","[61, 256, 378]","[1.3363545, 1.8355231, 3.6162572]"
285,"[415, 223, 387]","[0.9269022669278996, 0.913981131308889, 0.9077648386489432]","[387, 423, 225]","[0.6366633, 1.5416893, 1.9286804]"
286,"[83, 128, 84]","[0.6499250799926575, 0.6371461197280262, 0.609078658511801]","[25, 431, 269]","[8.769516, 8.96396, 9.410852]"
287,"[154, 366, 380]","[0.7913531217468043, 0.7774890455361805, 0.7358945478631088]","[154, 103, 10]","[1.4394931, 1.6325027, 2.018673]"
288,"[125, 399, 483]","[0.6557534999045025, 0.6396368168257559, 0.622712915838813]","[499, 211, 444]","[12.743192, 25.72153, 39.266075]"
289,"[114, 293, 77]","[0.6953303562664095, 0.6944317585337014, 0.6855555357902295]","[430, 370, 421]","[0.7147987, 10.381706, 10.476819]"
290,"[45, 191, 341]","[0.7992590504150948, 0.7684981206046603, 0.7682649576730061]","[45, 334, 58]","[0.81054467, 1.4758132, 3.9875684]"
291,"[196, 442, 420]","[0.7269276791620172, 0.7094070068807846, 0.6788587453960682]","[196, 443, 166]","[1.0668279, 1.2252564, 4.1885676]"
292,"[393, 177, 247]","[0.7418345717619987, 0.70340070749804, 0.6891103841340012]","[177, 29, 393]","[0.18019795, 1.1375692, 8.69279]"
293,"[321, 77, 426]","[0.8584690874843705, 0.8489361892462078, 0.8474932586051439]","[328, 53, 426]","[0.38256562, 1.8536139, 3.051569]"
294,"[192, 237, 424]","[0.7053103537286628, 0.6964551677517719, 0.6578890188280889]","[218, 365, 258]","[1.3007787, 1.4712694, 1.8227663]"
295,"[480, 191, 466]","[0.8036143205736163, 0.7714814610912779, 0.7602797111335953]","[480, 337, 383]","[0.78746784, 3.5616348, 5.298567]"
296,"[235, 149, 341]","[0.6371412666497535, 0.6228097009899586, 0.6210632416876799]","[382, 47, 278]","[0.5265821, 2.4010289, 9.335451]"
297,"[362, 193, 359]","[0.7104017444751953, 0.694563005550725, 0.6713272908941231]","[362, 193, 8]","[0.08744058, 1.8727717, 2.049193]"
298,"[100, 385, 19]","[0.7479620387611643, 0.7431787463729603, 0.6938241770818212]","[100, 19, 427]","[0.23439366, 0.8588439, 2.339176]"
299,"[310, 228, 300]","[0.6937938923231132, 0.6899122939470377, 0.662108318920882]","[310, 166, 442]","[1.184899, 1.885377, 2.4975662]"
300,"[201, 239, 228]","[0.7720001872495984, 0.7127449994795434, 0.707682599431033]","[239, 207, 88]","[1.7632921, 5.370726, 8.077004]"
301,"[148, 158, 241]","[0.7216261010882735, 0.7196707963406866, 0.7126003891478845]","[158, 424, 148]","[0.94475377, 1.6357453, 2.7014854]"
302,"[494, 90, 139]","[0.800926991564919, 0.7864523739203334, 0.7791367634938837]","[497, 492, 39]","[1.7160258, 3.779808, 4.2036667]"
303,"[127, 458, 410]","[0.7416606654731009, 0.7339646752934679, 0.7318748239312465]","[127, 260, 197]","[0.9306149, 2.7858422, 8.812967]"
304,"[207, 228, 239]","[0.7360644696131037, 0.7253723454947518, 0.70601263921005]","[367, 371, 351]","[0.6111386, 4.0943384, 5.1575384]"
305,"[148, 263, 108]","[0.7258290530432208, 0.7117891935868376, 0.7041527385353389]","[148, 481, 498]","[1.5985044, 3.782197, 4.6266184]"
306,"[116, 370, 128]","[0.729094862615991, 0.7205341147678885, 0.7167971552072918]","[116, 399, 379]","[1.1491766, 1.7813734, 2.3261144]"
307,"[480, 147, 383]","[0.756589519876866, 0.7085016556747543, 0.6998340675889876]","[106, 236, 265]","[1.44545, 6.8718033, 7.0596113]"
308,"[271, 413, 264]","[0.7530905333241188, 0.7415479343769389, 0.6985570133071148]","[271, 264, 413]","[0.51323724, 0.5508095, 1.6932901]"
309,"[314, 74, 484]","[0.6704016751798493, 0.6686903946521676, 0.6586749801662499]","[314, 484, 476]","[0.9454577, 6.3963404, 6.786244]"
310,"[442, 3, 187]","[0.7928953422227837, 0.7221413733058502, 0.7101776610406704]","[442, 299, 3]","[0.2600184, 1.184899, 2.6639137]"
311,"[2, 380, 469]","[0.8014107358437226, 0.7702871967428626, 0.7674694410549286]","[272, 456, 96]","[2.304199, 3.1064851, 3.1368294]"
312,"[138, 471, 112]","[0.8480960040890028, 0.8445785109331025, 0.8422119638757166]","[471, 138, 112]","[1.7881476, 3.592657, 5.862604]"
313,"[186, 33, 132]","[0.8979239160691836, 0.8329398228812604, 0.8040016206059012]","[186, 199, 20]","[0.09860727, 0.70784533, 0.7132464]"
314,"[275, 74, 115]","[0.7732546544178278, 0.7581568893541984, 0.7496363481283345]","[309, 484, 233]","[0.9454577, 4.5096617, 6.8636856]"
315,"[155, 409, 187]","[0.794466286601775, 0.7808769140762782, 0.7591954478267756]","[452, 202, 151]","[0.023355719, 7.37086, 10.715848]"
316,"[478, 410, 482]","[0.8098069072515683, 0.7764507718988762, 0.7541349594360314]","[478, 326, 398]","[0.00023828019, 5.342227, 6.2660003]"
317,"[455, 173, 103]","[0.8680773998072535, 0.81426747134541, 0.8064325702290953]","[2, 455, 230]","[1.1132222, 2.5144322, 2.6017241]"
318,"[325, 243, 384]","[0.756584605452038, 0.7419388162522443, 0.7317567377308237]","[201, 130, 243]","[0.2818407, 1.8082492, 4.0964417]"
319,"[54, 146, 368]","[0.7689193181464683, 0.7549662687357711, 0.7528033510125692]","[368, 183, 54]","[0.89947003, 1.6272633, 2.359684]"
320,"[49, 326, 269]","[0.7394127680296716, 0.6847986227723747, 0.661228474570524]","[49, 457, 493]","[0.60639554, 3.9432771, 4.4054365]"
321,"[426, 114, 77]","[0.9065567375134765, 0.8996120337088283, 0.8966877496215566]","[426, 114, 77]","[0.3527776, 1.0252753, 1.488124]"
322,"[102, 178, 366]","[0.8292585089367902, 0.815035113549425, 0.801865275035152]","[244, 467, 102]","[1.4816915, 3.0958858, 6.74422]"
323,"[15, 482, 165]","[0.9138107367110493, 0.9011736229305319, 0.8996829556132219]","[141, 15, 165]","[0.7788963, 0.8092071, 1.306117]"
324,"[248, 390, 65]","[0.6743423945030921, 0.6538458771216609, 0.6323155867112435]","[248, 105, 163]","[1.0031257, 4.2985797, 6.0263786]"
325,"[318, 346, 117]","[0.756584605452038, 0.7161195762247556, 0.6723643770355175]","[347, 242, 27]","[1.2887512, 9.09931, 20.199835]"
326,"[269, 353, 478]","[0.7293801653964049, 0.7288483304467954, 0.7059989074435017]","[398, 478, 316]","[0.9376703, 5.2903233, 5.342227]"
327,"[72, 197, 145]","[0.6652339715954446, 0.6518314697313051, 0.642788865090593]","[123, 259, 412]","[0.0013710117, 1.6613039, 22.140137]"
328,"[114, 426, 321]","[0.9066043625660074, 0.8970812751184145, 0.8952276473639308]","[293, 426, 321]","[0.38256562, 1.4473631, 2.377819]"
329,"[417, 241, 131]","[0.6979850136688214, 0.6930455101772568, 0.6903919151849325]","[131, 8, 229]","[0.2731801, 3.1855254, 4.7613344]"
330,"[146, 56, 210]","[0.8338334855379282, 0.8185656901514858, 0.7834638206030898]","[146, 210, 56]","[0.7218827, 0.9923741, 1.0546603]"
331,"[174, 56, 146]","[0.709681689355416, 0.6593040442743096, 0.648126431236512]","[174, 340, 232]","[0.13980761, 3.341128, 3.6459122]"
332,"[48, 59, 52]","[0.6838380504309904, 0.6248585945387065, 0.6204750800356729]","[52, 477, 51]","[0.71366227, 2.7065446, 6.6037135]"
333,"[378, 410, 180]","[0.7970955979795816, 0.7878229660129085, 0.7733335373600576]","[378, 410, 71]","[0.24519539, 0.9420693, 3.5097296]"
334,"[290, 454, 45]","[0.6957973259153866, 0.6929734968344526, 0.6753610857892418]","[290, 63, 45]","[1.4758132, 2.41568, 3.432676]"
335,"[79, 198, 361]","[0.7608333457692419, 0.6909624035553545, 0.6687121013960763]","[31, 69, 79]","[3.1436944, 4.4762793, 5.9887424]"
336,"[107, 400, 267]","[0.6824285268698772, 0.637835285418693, 0.6203495312157854]","[400, 267, 360]","[1.9304909, 2.1989129, 2.926672]"
337,"[480, 494, 10]","[0.7723572963325562, 0.7608114078963041, 0.7525564736210182]","[191, 480, 295]","[2.0602643, 2.415034, 3.5616348]"
338,"[152, 366, 322]","[0.8282015950021387, 0.8033853446664079, 0.7640538273424503]","[152, 366, 150]","[0.47422433, 1.1833558, 1.4887416]"
339,"[161, 112, 55]","[0.910784351020712, 0.9094380956897579, 0.906415164114291]","[68, 447, 475]","[0.56951404, 0.9194514, 1.2905453]"
340,"[354, 408, 37]","[0.6890124351828375, 0.6258919335701955, 0.611734421294388]","[174, 331, 232]","[3.0616953, 3.341128, 7.1260924]"
341,"[132, 349, 466]","[0.7803731459494123, 0.7788414476876634, 0.771881307966099]","[132, 454, 33]","[0.5997422, 1.3928423, 2.3951373]"
342,"[192, 294, 263]","[0.688339407659613, 0.618950634591787, 0.5835425059736282]","[192, 222, 87]","[0.89179534, 2.296677, 7.436837]"
343,"[38, 261, 22]","[0.7505713640881007, 0.7393622084991822, 0.6310250005318233]","[38, 185, 261]","[0.016663052, 0.98654526, 8.090972]"
344,"[11, 434, 55]","[0.9196066486678693, 0.9129583533118197, 0.9042308489883971]","[11, 402, 55]","[0.51675063, 1.2442456, 1.8566024]"
345,"[484, 44, 268]","[0.8404990794671434, 0.8208770488105207, 0.81397213993838]","[62, 268, 44]","[0.76620024, 0.9251627, 2.0208433]"
346,"[117, 243, 325]","[0.7468643259561121, 0.7362496620702379, 0.7161195762247556]","[117, 243, 194]","[0.10123778, 2.5314898, 3.1211236]"
347,"[207, 94, 171]","[0.695705819005795, 0.6580306506723778, 0.6554562216879566]","[325, 242, 430]","[1.2887512, 13.487621, 18.462927]"
348,"[126, 134, 195]","[0.7134117466525804, 0.712289456686152, 0.6911088807355675]","[164, 195, 104]","[4.2619047, 5.8841877, 6.028599]"
349,"[355, 455, 268]","[0.845851727132067, 0.8284582119460681, 0.8082207364770781]","[355, 143, 254]","[0.6841463, 2.1694434, 3.9503148]"
350,"[395, 1, 145]","[0.7981784012426566, 0.7513592138218852, 0.7513238827222429]","[176, 1, 145]","[0.37415057, 0.72469497, 2.3849845]"
351,"[159, 190, 490]","[0.7669087376232915, 0.7667048061998678, 0.7408063342154806]","[190, 17, 367]","[0.83643025, 1.5428467, 2.7064972]"
352,"[32, 252, 441]","[0.7680817084707183, 0.7332076652084785, 0.7084413346523417]","[252, 94, 441]","[1.2709368, 1.7267896, 1.8606793]"
353,"[326, 431, 25]","[0.7288483304467954, 0.6887842528574948, 0.6708875984421534]","[282, 431, 256]","[1.1218358, 2.3478317, 4.0706434]"
354,"[356, 340, 275]","[0.7346744300704143, 0.6890124351828375, 0.6777201700392251]","[356, 408, 14]","[0.023895929, 2.5249786, 4.2969456]"
355,"[455, 349, 268]","[0.8542501684216397, 0.845851727132067, 0.816154316415755]","[349, 170, 143]","[0.6841463, 1.9043584, 3.4047909]"
356,"[311, 354, 313]","[0.7470398472251673, 0.7346744300704143, 0.7342235081593775]","[354, 408, 14]","[0.023895929, 2.6774373, 4.490915]"
357,"[277, 109, 386]","[0.75414915305429, 0.7418934221262301, 0.7256267984823876]","[219, 136, 221]","[0.8093787, 3.085574, 5.675549]"
358,"[478, 57, 172]","[0.7094244672397062, 0.696515084140591, 0.6935197678000886]","[86, 40, 6]","[14.152818, 14.908386, 15.102875]"
359,"[129, 297, 70]","[0.7362711475737492, 0.6713272908941231, 0.6274226271229928]","[129, 119, 381]","[0.21968566, 3.1141129, 6.393204]"
360,"[400, 267, 95]","[0.7305380156219375, 0.6930820156858647, 0.6821255835169006]","[400, 491, 336]","[0.826477, 2.2442858, 2.926672]"
361,"[79, 253, 116]","[0.7346405734145731, 0.7314793131576603, 0.6965830918904483]","[84, 163, 116]","[1.9018002, 2.4966824, 4.2391825]"
362,"[297, 241, 70]","[0.7104017444751953, 0.6910895022571063, 0.6438205535630518]","[297, 193, 8]","[0.08744058, 2.748217, 2.9176226]"
363,"[94, 441, 32]","[0.7617494000523551, 0.7331990860594451, 0.7222071539695396]","[32, 94, 352]","[1.2838843, 3.04847, 3.3780088]"
364,"[249, 462, 423]","[0.9147605114313074, 0.8925206086163734, 0.8903921226613424]","[249, 462, 189]","[0.49860835, 1.1637766, 1.6854038]"
365,"[51, 0, 168]","[0.7319227482260687, 0.6891245098859079, 0.6545137122217201]","[218, 294, 168]","[1.0225121, 1.4712694, 2.4538643]"
366,"[380, 338, 322]","[0.8627851602275298, 0.8033853446664079, 0.801865275035152]","[338, 380, 103]","[1.1833558, 1.6198709, 1.903353]"
367,"[351, 304, 210]","[0.7001252474121932, 0.688929870036251, 0.6815275180847156]","[304, 351, 371]","[0.6111386, 2.7064972, 4.309252]"
368,"[319, 409, 330]","[0.7528033510125692, 0.7356991513637127, 0.7210526248821244]","[319, 183, 409]","[0.89947003, 1.6743002, 2.1545172]"
369,"[372, 80, 297]","[0.6879599333717413, 0.652716886013924, 0.6255085521006976]","[445, 80, 394]","[1.5946587, 1.8965809, 3.075739]"
370,"[421, 54, 315]","[0.7317015210789154, 0.7283474764669844, 0.7210080582811759]","[421, 172, 289]","[0.37541983, 7.0070086, 10.381706]"
371,"[110, 111, 351]","[0.7326576015983365, 0.7310525927574787, 0.719883945980574]","[12, 17, 351]","[2.3407733, 3.5118365, 3.6433446]"
372,"[394, 70, 369]","[0.7745524843360727, 0.7197195079405188, 0.6879599333717413]","[394, 75, 369]","[0.011092945, 2.2087047, 3.3651376]"
373,"[247, 449, 279]","[0.7845800930931849, 0.7616980375543457, 0.7533955577082523]","[393, 247, 459]","[0.51055133, 1.3453838, 3.2327018]"
374,"[236, 488, 147]","[0.8418581089985874, 0.65302216621048, 0.6447678411476284]","[147, 383, 224]","[3.8504195, 5.029273, 6.781723]"
375,"[107, 76, 173]","[0.8088909873219035, 0.7567921076364913, 0.7530791316994401]","[107, 76, 81]","[0.7829777, 1.9141856, 2.1209002]"
376,"[433, 335, 79]","[0.6732739544027433, 0.6456982957163591, 0.6426198951535204]","[433, 79, 474]","[4.131222, 5.690837, 6.678204]"
377,"[257, 496, 68]","[0.8939642743582613, 0.8888682969950354, 0.888038677278934]","[220, 11, 447]","[0.90499485, 1.2124212, 2.1587763]"
378,"[61, 256, 284]","[0.8244446109866329, 0.8182988482174149, 0.8006098946826895]","[333, 410, 284]","[0.24519539, 1.4181716, 3.6162572]"
379,"[399, 450, 414]","[0.813749775082014, 0.7634687777171056, 0.7452346799481574]","[399, 306, 436]","[0.07315853, 2.3261144, 2.4817922]"
380,"[366, 90, 121]","[0.8627851602275298, 0.8364333612695197, 0.8085789559400816]","[456, 366, 338]","[0.53484404, 1.6198709, 2.5707889]"
381,"[129, 83, 202]","[0.703458970064564, 0.6929238623447794, 0.685571605529433]","[119, 83, 129]","[1.6303904, 3.126262, 4.304555]"
382,"[47, 296, 65]","[0.5990911616543741, 0.5724202702486588, 0.5714475459196764]","[296, 47, 278]","[0.5265821, 3.8012576, 11.294584]"
383,"[147, 488, 307]","[0.7395125714870245, 0.7145099695452464, 0.6998340675889876]","[147, 480, 374]","[0.07991043, 3.586124, 5.029273]"
384,"[117, 318, 489]","[0.7552692911628826, 0.7317567377308237, 0.7147987958614835]","[489, 35, 101]","[1.2308884, 2.8930562, 3.9989111]"
385,"[412, 298, 251]","[0.7476679098783627, 0.7431787463729603, 0.6841627982174469]","[298, 72, 100]","[3.2272086, 4.245353, 4.6168365]"
386,"[182, 277, 357]","[0.7535421989572451, 0.7476900474259438, 0.7256267984823876]","[277, 235, 149]","[0.5578322, 3.5400987, 3.5469322]"
387,"[223, 423, 285]","[0.9380141349898462, 0.9216056390134101, 0.9077648386489432]","[285, 223, 415]","[0.6366633, 0.63843715, 1.2572917]"
388,"[270, 378, 284]","[0.7531748290900309, 0.7478131304049683, 0.7284164902795661]","[71, 395, 205]","[1.7024456, 1.8051487, 4.6043286]"
389,"[187, 128, 151]","[0.7182834238427505, 0.706551587244638, 0.6885933599018824]","[151, 202, 187]","[2.8036036, 3.4529488, 5.208943]"
390,"[65, 21, 330]","[0.7232404066996333, 0.7129399086372619, 0.6933337911193981]","[21, 65, 231]","[0.7562824, 1.4852368, 2.6869366]"
391,"[455, 215, 485]","[0.7883286142370839, 0.7809229899350283, 0.7729300073846342]","[455, 485, 2]","[0.6898875, 1.6611128, 1.9881226]"
392,"[208, 464, 301]","[0.673942270994034, 0.6514643467556773, 0.641091379556668]","[208, 464, 481]","[0.6065788, 4.9679585, 6.2355666]"
393,"[292, 373, 247]","[0.7418345717619987, 0.6995813816370612, 0.6790898183950561]","[373, 247, 60]","[0.51055133, 3.2396362, 4.4440255]"
394,"[372, 70, 8]","[0.7745524843360727, 0.7050372635088663, 0.6994209422124877]","[372, 75, 369]","[0.011092945, 2.3336625, 3.075739]"
395,"[350, 205, 432]","[0.7981784012426566, 0.7466159986555753, 0.7384999889801362]","[205, 388, 4]","[1.1993841, 1.8051487, 2.8941934]"
396,"[110, 124, 239]","[0.7237027146729594, 0.6888411639017298, 0.6874545694800025]","[228, 169, 347]","[0.002774185, 22.542068, 24.013153]"
397,"[420, 200, 280]","[0.7612979184619171, 0.7557132094106743, 0.7492226606298937]","[420, 200, 217]","[0.32957503, 2.004782, 3.3862796]"
398,"[284, 378, 25]","[0.7177271072324912, 0.7074808782691969, 0.7053314883353136]","[326, 478, 316]","[0.9376703, 6.2345724, 6.2660003]"
399,"[379, 450, 116]","[0.813749775082014, 0.7559505045411038, 0.7494853874296131]","[379, 306, 436]","[0.07315853, 1.7813734, 2.3077314]"
400,"[107, 360, 267]","[0.7721988242522642, 0.7305380156219375, 0.723549347826813]","[360, 107, 336]","[0.826477, 1.137145, 1.9304909]"
401,"[270, 40, 378]","[0.8090430072370686, 0.7878327762260618, 0.7564276580706982]","[270, 251, 432]","[0.025366258, 2.8066852, 3.871951]"
402,"[257, 234, 55]","[0.913857452992978, 0.9093317286162611, 0.9045467360207143]","[257, 16, 344]","[0.5329456, 1.12326, 1.2442456]"
403,"[133, 111, 116]","[0.6952936998768982, 0.692046295056504, 0.6878783217217288]","[462, 285, 275]","[3.9777427, 7.020739, 7.9260244]"
404,"[170, 160, 279]","[0.7829750284767699, 0.7530112078445155, 0.7440129939311516]","[160, 267, 279]","[0.54673064, 2.4673436, 3.5171657]"
405,"[108, 71, 333]","[0.827107805685196, 0.7348408088981753, 0.7288969368458306]","[108, 7, 238]","[0.03342213, 2.567785, 4.9879713]"
406,"[51, 120, 288]","[0.6677720686760699, 0.6593147925776128, 0.6200573548765912]","[120, 51, 332]","[2.3008287, 2.4602344, 7.424724]"
407,"[126, 472, 194]","[0.6776329571568899, 0.6656953160185131, 0.6651867202050036]","[461, 472, 194]","[0.8366587, 6.6566267, 6.7520256]"
408,"[132, 356, 433]","[0.6469398452671861, 0.6450364759723755, 0.6426843708966644]","[354, 356, 14]","[2.5249786, 2.6774373, 12.494637]"
409,"[315, 155, 368]","[0.7808769140762782, 0.756350941822296, 0.7356991513637127]","[155, 368, 183]","[1.4170415, 2.1545172, 3.6300766]"
410,"[333, 378, 316]","[0.7878229660129085, 0.7869873259742446, 0.7764507718988762]","[71, 333, 378]","[0.92817426, 0.9420693, 1.4181716]"
411,"[237, 241, 297]","[0.5688504630382794, 0.5564134450426893, 0.5518486715581755]","[237, 258, 464]","[3.6512914, 4.887414, 6.337092]"
412,"[385, 350, 176]","[0.7476679098783627, 0.7295817922505657, 0.7257908247772142]","[213, 197, 262]","[6.6087236, 10.234585, 20.93082]"
413,"[308, 277, 173]","[0.7415479343769389, 0.7300797081925048, 0.728724087404258]","[308, 271, 264]","[1.6932901, 2.8133736, 3.1218805]"
414,"[450, 379, 108]","[0.757413165181911, 0.7452346799481574, 0.7204343965151826]","[450, 98, 110]","[0.62655133, 1.6658217, 4.4382706]"
415,"[223, 285, 167]","[0.9271918835037763, 0.9269022669278996, 0.9196042020903802]","[167, 387, 195]","[0.8159981, 1.2572917, 1.3724691]"
416,"[7, 158, 180]","[0.7636211579246499, 0.762258454851801, 0.7253821290143272]","[7, 158, 238]","[1.1825328, 1.4973543, 4.192388]"
417,"[428, 394, 329]","[0.7423266202665731, 0.6982758409570792, 0.6979850136688214]","[193, 8, 75]","[2.336529, 3.1948805, 3.3573952]"
418,"[205, 432, 395]","[0.7352290753421334, 0.7207333621471275, 0.6802661360191913]","[432, 251, 270]","[0.3761686, 1.7802271, 5.53174]"
419,"[483, 51, 125]","[0.7040916506645483, 0.6919443346409447, 0.6816924120761553]","[483, 463, 125]","[1.1432741, 1.9886956, 3.3660724]"
420,"[397, 217, 196]","[0.7612979184619171, 0.7401891912288241, 0.7295902972185094]","[397, 196, 217]","[0.32957503, 1.9854847, 2.4997537]"
421,"[370, 172, 456]","[0.7317015210789154, 0.7316101917255426, 0.727337024958936]","[370, 172, 289]","[0.37541983, 4.1434145, 10.476819]"
422,"[182, 271, 313]","[0.7521268832174428, 0.6969020058191363, 0.6936502010851068]","[460, 271, 425]","[4.086878, 4.279147, 5.491891]"
423,"[387, 223, 364]","[0.9216056390134101, 0.9009589620304705, 0.8903921226613424]","[387, 285, 223]","[1.4056693, 1.5416893, 1.5600218]"
424,"[301, 414, 208]","[0.7058376779416154, 0.670242180300457, 0.6686936636213121]","[301, 428, 481]","[1.6357453, 4.241641, 4.470969]"
425,"[267, 36, 107]","[0.7222002049583152, 0.7107310308384915, 0.693231839824214]","[36, 182, 422]","[0.0773688, 1.5341427, 5.491891]"
426,"[77, 321, 328]","[0.9174684490885258, 0.9065567375134765, 0.8970812751184145]","[321, 77, 328]","[0.3527776, 0.65128994, 1.4473631]"
427,"[19, 72, 388]","[0.7376108891532558, 0.6812842662485364, 0.6684041912145817]","[19, 100, 298]","[0.3637199, 1.8032764, 2.339176]"
428,"[417, 457, 70]","[0.7423266202665731, 0.690011059692199, 0.6871878290862724]","[70, 457, 241]","[1.2405837, 2.3262813, 2.754656]"
429,"[54, 56, 281]","[0.7657173312993176, 0.7461178140963867, 0.7286930858798283]","[281, 56, 113]","[0.6926936, 2.9529517, 3.057955]"
430,"[289, 293, 77]","[0.682113367109762, 0.6595042496451546, 0.6373236069359526]","[289, 421, 370]","[0.7147987, 14.406641, 15.07187]"
431,"[25, 256, 326]","[0.7360574974549113, 0.7242106363977195, 0.7022920953966343]","[25, 353, 282]","[0.8077186, 2.3478317, 3.4028368]"
432,"[4, 205, 395]","[0.7480630375326125, 0.7440050200509573, 0.7384999889801362]","[418, 251, 270]","[0.3761686, 0.55659807, 3.2903166]"
433,"[125, 79, 446]","[0.7524774257944712, 0.7341890796474201, 0.6855723069434927]","[79, 474, 84]","[1.373209, 2.8200953, 3.93465]"
434,"[344, 55, 377]","[0.9129583533118197, 0.8874509808616862, 0.8807090207507949]","[55, 234, 447]","[0.6630024, 1.2582719, 1.7921654]"
435,"[33, 91, 313]","[0.8301755847619374, 0.7985826380460651, 0.7881550143617844]","[33, 132, 341]","[0.9029333, 1.5311095, 3.8083677]"
436,"[155, 399, 315]","[0.6871604026335978, 0.6833612923798681, 0.672706560903235]","[399, 379, 306]","[2.3077314, 2.4817922, 6.811263]"
437,"[59, 113, 51]","[0.7043194182990195, 0.6839689869319417, 0.6758721101064628]","[209, 483, 419]","[0.53920096, 3.9990926, 4.4399433]"
438,"[32, 352, 85]","[0.7657660141926742, 0.6969639873845643, 0.6949820589678518]","[32, 64, 363]","[0.90951586, 1.0297974, 3.6623085]"
439,"[94, 173, 349]","[0.7269444311980625, 0.7167680681626852, 0.7146356492015622]","[124, 85, 171]","[11.575775, 11.86276, 12.331928]"
440,"[175, 10, 154]","[0.8076003627970773, 0.7911925926745029, 0.7699081349993634]","[10, 154, 43]","[0.6125463, 1.1960969, 3.1931915]"
441,"[94, 252, 18]","[0.8023482673663759, 0.7946758349747832, 0.758530138196092]","[252, 94, 352]","[0.15009768, 0.7970934, 1.8606793]"
442,"[310, 291, 228]","[0.7928953422227837, 0.7094070068807846, 0.705122763768722]","[310, 299, 12]","[0.2600184, 2.4975662, 2.7825603]"
443,"[196, 397, 280]","[0.7173627565089891, 0.6756393851507293, 0.670600242583682]","[196, 291, 217]","[1.1465224, 1.2252564, 3.558228]"
444,"[246, 133, 468]","[0.6908297400476335, 0.6855813605672246, 0.6777353574156617]","[227, 246, 133]","[0.74490076, 2.2236724, 2.922319]"
445,"[222, 80, 229]","[0.6340790913401578, 0.6308708347391521, 0.6098059403348693]","[369, 237, 80]","[1.5946587, 3.6952984, 4.866027]"
446,"[125, 120, 433]","[0.7628942976357512, 0.7023496653383512, 0.6855723069434927]","[125, 120, 183]","[0.11186627, 1.6343174, 3.8408418]"
447,"[9, 55, 161]","[0.9029612047789204, 0.9001356755934236, 0.8970463125776194]","[9, 339, 434]","[0.7875511, 0.9194514, 1.7921654]"
448,"[266, 122, 89]","[0.7168157380883461, 0.6888090602970983, 0.6598040632290854]","[266, 93, 490]","[0.88626724, 1.0101907, 8.6000185]"
449,"[279, 373, 247]","[0.8088983646092646, 0.7616980375543457, 0.7322556362677956]","[279, 262, 459]","[0.7727438, 2.21883, 2.3605356]"
450,"[379, 414, 399]","[0.7634687777171056, 0.757413165181911, 0.7559505045411038]","[414, 110, 98]","[0.62655133, 2.6640518, 2.8163009]"
451,"[219, 235, 149]","[0.722652896989065, 0.7115684833791468, 0.7105690808537349]","[149, 235, 277]","[1.7652435, 2.0420718, 2.4057376]"
452,"[187, 315, 155]","[0.7276501384285998, 0.7123865748867857, 0.6871466332038291]","[315, 202, 151]","[0.023355719, 6.5869694, 9.757109]"
453,"[381, 128, 110]","[0.6808016852122781, 0.664022182891307, 0.6307457487074092]","[22, 261, 185]","[0.9519836, 1.9927411, 10.834373]"
454,"[199, 45, 341]","[0.748752077519077, 0.7240088006593709, 0.7166718689903896]","[341, 33, 91]","[1.3928423, 2.293509, 2.3742917]"
455,"[317, 355, 349]","[0.8680773998072535, 0.8542501684216397, 0.8284582119460681]","[2, 391, 317]","[0.65658027, 0.6898875, 2.5144322]"
456,"[380, 484, 366]","[0.7893415831712043, 0.7864882712855178, 0.7745185039219349]","[380, 311, 230]","[0.53484404, 3.1064851, 3.6394718]"
457,"[493, 70, 49]","[0.7431808764610189, 0.7372931461266123, 0.73220978457017]","[49, 241, 70]","[1.6897702, 2.0529873, 2.120578]"
458,"[344, 496, 402]","[0.8975862889976876, 0.8929854134581247, 0.8915357657852515]","[189, 188, 496]","[1.8020382, 2.605732, 3.1983027]"
459,"[247, 449, 473]","[0.7179692896040452, 0.7077052361048534, 0.686516187815063]","[247, 473, 449]","[0.93987787, 2.0368748, 2.3605356]"
460,"[271, 24, 29]","[0.6475513215938195, 0.6371475276260697, 0.6280395997361322]","[271, 308, 422]","[1.5555192, 3.8554587, 4.086878]"
461,"[322, 338, 472]","[0.7009087436777887, 0.6991683141745408, 0.6754665796393542]","[407, 472, 114]","[0.8366587, 2.8520937, 9.014897]"
462,"[249, 364, 285]","[0.9029629349971094, 0.8925206086163734, 0.8864079020682342]","[364, 423, 249]","[1.1637766, 2.2815154, 3.0979865]"
463,"[120, 392, 258]","[0.5756848810052141, 0.5722394333126753, 0.5715328616588858]","[51, 419, 483]","[1.8945842, 1.9886956, 6.0389485]"
464,"[80, 392, 481]","[0.6517856516732922, 0.6514643467556773, 0.6329697935734256]","[237, 80, 392]","[1.8101972, 2.4674215, 4.9679585]"
465,"[322, 102, 178]","[0.7808452816468788, 0.7706847822661158, 0.7468883564620347]","[118, 178, 203]","[0.9308893, 1.7650268, 2.2482173]"
466,"[341, 295, 33]","[0.771881307966099, 0.7602797111335953, 0.7484667636539222]","[78, 495, 215]","[0.80656564, 0.8751072, 1.4174588]"
467,"[244, 139, 494]","[0.7684507142150144, 0.7287040797372429, 0.698417540499298]","[244, 322, 175]","[0.3556595, 3.0958858, 3.1971982]"
468,"[444, 246, 69]","[0.6777353574156617, 0.6610159097409001, 0.6532781004598754]","[231, 92, 69]","[3.5678418, 3.8925164, 8.356297]"
469,"[159, 2, 311]","[0.7843057813252585, 0.7782779123478986, 0.7674694410549286]","[159, 490, 111]","[0.2876163, 0.42987984, 2.8374984]"
470,"[134, 126, 434]","[0.7967855568039843, 0.7384123636458807, 0.7303353900957511]","[134, 240, 50]","[0.29536885, 4.8444996, 9.587592]"
471,"[138, 141, 165]","[0.9010600641996481, 0.8800228838122356, 0.8632365550910067]","[138, 165, 312]","[0.9670101, 1.2707458, 1.7881476]"
472,"[321, 77, 114]","[0.7004204834243051, 0.6958354206162477, 0.6940932609504574]","[114, 461, 321]","[1.9762759, 2.8520937, 5.568294]"
473,"[459, 449, 247]","[0.686516187815063, 0.6191755141196903, 0.611716349737374]","[459, 247, 262]","[2.0368748, 4.8953724, 5.814866]"
474,"[110, 250, 83]","[0.7723437052168942, 0.7477635012549703, 0.7264803183466325]","[433, 105, 376]","[2.8200953, 5.341235, 6.678204]"
475,"[339, 447, 112]","[0.8953273582384674, 0.8892779928660052, 0.8858188969743858]","[68, 255, 339]","[1.0371568, 1.1137166, 1.2905453]"
476,"[90, 314, 191]","[0.6826242908241148, 0.6679731372306217, 0.6514743658232811]","[309, 314, 272]","[6.786244, 7.490022, 8.88761]"
477,"[446, 125, 294]","[0.6600167330042994, 0.5897308705764649, 0.5874578704131126]","[332, 52, 82]","[2.7065446, 5.00277, 8.644812]"
478,"[316, 282, 66]","[0.8098069072515683, 0.7722355230268024, 0.74518817347676]","[316, 326, 398]","[0.00023828019, 5.2903233, 6.2345724]"
479,"[173, 96, 44]","[0.7825377031667352, 0.7532677223845156, 0.7507301440987056]","[173, 268, 44]","[0.352224, 3.5666118, 3.6951883]"
480,"[295, 337, 191]","[0.8036143205736163, 0.7723572963325562, 0.7566648079721071]","[295, 337, 383]","[0.78746784, 2.415034, 3.586124]"
481,"[208, 148, 305]","[0.6984819990247036, 0.6883390126179274, 0.6793668274176105]","[148, 305, 301]","[2.4319587, 3.782197, 4.3221564]"
482,"[323, 255, 97]","[0.9011736229305319, 0.8976632932730999, 0.891579431444214]","[255, 141, 97]","[0.96181965, 1.2733058, 1.5075176]"
483,"[210, 330, 419]","[0.7309244470562873, 0.7119158663907326, 0.7040916506645483]","[419, 437, 41]","[1.1432741, 3.9990926, 4.435106]"
484,"[345, 44, 268]","[0.8404990794671434, 0.8346784373896311, 0.8156848824023787]","[44, 268, 314]","[0.7157112, 2.0097537, 4.5096617]"
485,"[39, 497, 215]","[0.8705326353234787, 0.8565317761274837, 0.8234272815972]","[39, 391, 492]","[0.100678466, 1.6611128, 3.2436323]"
486,"[274, 54, 254]","[0.6627313496107394, 0.6538794772104854, 0.6282343034387239]","[274, 473, 412]","[0.4431712, 20.911133, 26.991812]"
487,"[73, 3, 354]","[0.6994030966335819, 0.6679643142399428, 0.6622742844091604]","[73, 3, 17]","[0.027465232, 2.8366344, 4.4137917]"
488,"[147, 383, 245]","[0.7810167550230026, 0.7145099695452464, 0.7067064048477899]","[492, 302, 39]","[0.8700788, 5.784325, 5.9828253]"
489,"[384, 117, 194]","[0.7147987958614835, 0.6964119347707053, 0.6612938673309179]","[35, 384, 101]","[0.54775244, 1.2308884, 1.3282516]"
490,"[111, 159, 345]","[0.7829928139377321, 0.7798661681528808, 0.7609080310848987]","[469, 159, 111]","[0.42987984, 0.97977114, 1.4825625]"
491,"[46, 5, 360]","[0.748028613023019, 0.6926176388786762, 0.6773704660688177]","[46, 5, 360]","[1.0031761, 1.5830402, 2.2442858]"
492,"[186, 313, 2]","[0.7691568169424642, 0.7603227565804802, 0.7419384709930055]","[488, 39, 485]","[0.8700788, 2.2897964, 3.2436323]"
493,"[49, 457, 75]","[0.7699648317305444, 0.7431808764610189, 0.7423216740235762]","[193, 49, 241]","[1.6729187, 2.0786655, 2.5538745]"
494,"[90, 139, 43]","[0.8791418628835117, 0.8552383228739243, 0.8294520085545461]","[90, 43, 154]","[0.4332513, 0.76221883, 2.5294127]"
495,"[435, 95, 33]","[0.7834561161629052, 0.7749596017423956, 0.7724131081529519]","[466, 33, 78]","[0.8751072, 2.659494, 2.7098534]"
496,"[11, 220, 55]","[0.9094559145639775, 0.9090318476986877, 0.8982541879913514]","[220, 249, 179]","[0.8042247, 1.7759024, 1.9360516]"
497,"[485, 150, 39]","[0.8565317761274837, 0.8349603960065339, 0.7992198880794638]","[302, 162, 74]","[1.7160258, 2.6111798, 3.4810266]"
498,"[212, 409, 305]","[0.7052835286399175, 0.6967823899614837, 0.678192801611593]","[212, 305, 405]","[0.19159172, 4.6266184, 8.724981]"
499,"[202, 315, 436]","[0.7722773242811952, 0.717622652488609, 0.6627235766489906]","[211, 288, 194]","[6.8830423, 12.743192, 15.341255]"
